problem,path,artist_folder,file_count_in_folder,tag_title,tag_artist,tag_album,tag_album_artist,probable_source_album,probable_track_title,duration_seconds
unknown_album_shard,/Users/roncompton/Music/RoseMusicWork/Music/4 Pantomime/Unknown Album/A Musical History [CD 3] - T.mp3,4 Pantomime,1,A Musical History [CD 3] - T,21_4__Pantomime_,,,A Musical History,4 Pantomime,362
unknown_album_shard,/Users/roncompton/Music/RoseMusicWork/Music/Acadian Driftwood/Unknown Album/A Musical History [CD 5] - T.mp3,Acadian Driftwood,1,A Musical History [CD 5] - T,08_Acadian_Driftwood_,,,A Musical History,Acadian Driftwood,402
unknown_album_shard,/Users/roncompton/Music/RoseMusicWork/Music/Across The Great Divide/Unknown Album/A Musical History [CD 3] - T.mp3,Across The Great Divide,1,A Musical History [CD 3] - T,01_Across_The_Great_Divide_,,,A Musical History,Across The Great Divide,173
unknown_album_shard,/Users/roncompton/Music/RoseMusicWork/Music/Ain't Got No Home/Unknown Album/A Musical History [CD 5] - T.mp3,Ain't Got No Home,1,A Musical History [CD 5] - T,01_Ain't_Got_No_Home_,,,A Musical History,Ain't Got No Home,205
unknown_album_shard,/Users/roncompton/Music/RoseMusicWork/Music/Ain't No More Cane On The/Unknown Album/A Musical History [CD 2] - T.mp3,Ain't No More Cane On The,1,A Musical History [CD 2] - T,02_Ain't_No_More_Cane_On_The_,,,A Musical History,Ain't No More Cane On The,239
unknown_album_shard,/Users/roncompton/Music/RoseMusicWork/Music/All La Glory (Early Versio/Unknown Album/A Musical History [CD 3] - T.mp3,All La Glory (Early Versio,1,A Musical History [CD 3] - T,12_All_La_Glory_(Early_Versio,,,A Musical History,All La Glory (Early Versio,207
unknown_album_shard,/Users/roncompton/Music/RoseMusicWork/Music/Baby Lou/Unknown Album/The Band - A Musical History.mp3,Baby Lou,1,The Band - A Musical History,17_Baby_Lou_,,,,Baby Lou,220
unknown_album_shard,/Users/roncompton/Music/RoseMusicWork/Music/Bacon Fat/Unknown Album/A Musical History [CD 1] - T.mp3,Bacon Fat,1,A Musical History [CD 1] - T,06_Bacon_Fat_,,,A Musical History,Bacon Fat,160
unknown_album_shard,/Users/roncompton/Music/RoseMusicWork/Music/Beautiful Thing (Song Sket/Unknown Album/A Musical History [CD 1] - T.mp3,Beautiful Thing (Song Sket,1,A Musical History [CD 1] - T,20_Beautiful_Thing_(Song_Sket,,,A Musical History,Beautiful Thing (Song Sket,101
unknown_album_shard,/Users/roncompton/Music/RoseMusicWork/Music/Ben Colder/Unknown Album/Still No2.mp3,Ben Colder,1,Still No2,Ben Colder,,,,Ben Colder,189
unknown_album_shard,/Users/roncompton/Music/RoseMusicWork/Music/Bessie Smith/Unknown Album/A Musical History [CD 2] - T.mp3,Bessie Smith,1,A Musical History [CD 2] - T,20_Bessie_Smith_,,,A Musical History,Bessie Smith,258
unknown_album_shard,/Users/roncompton/Music/RoseMusicWork/Music/Bloodstone Crate Classics #SlowJams 💿/Unknown Album/Natural High.mp3,Bloodstone Crate Classics #SlowJams 💿,1,Natural High By Bloodstone Crate Classics #SlowJams 💿,,ROSE BK,,,Bloodstone Crate Classics #SlowJams 💿,293
unknown_album_shard,/Users/roncompton/Music/RoseMusicWork/Music/Blue Magic/Unknown Album/Sideshow.mp3,Blue Magic,1,Sideshow By Blue Magic,,ROSE BK,,,Blue Magic,252
unknown_album_shard,/Users/roncompton/Music/RoseMusicWork/Music/Blue Magic Crate Classics #SlowJams 💿/Unknown Album/Sideshow.mp3,Blue Magic Crate Classics #SlowJams 💿,1,Sideshow By Blue Magic Crate Classics #SlowJams 💿,,ROSE BK,,,Blue Magic Crate Classics #SlowJams 💿,252
unknown_album_shard,/Users/roncompton/Music/RoseMusicWork/Music/Bo Diddley/Unknown Album/Bo Diddley - Do What I Say.mp3,Bo Diddley,2,Bo Diddley - Do What I Say,Bo Diddley,Unknown Album,,,Bo Diddley,169
unknown_album_shard,/Users/roncompton/Music/RoseMusicWork/Music/Bo Diddley/Unknown Album/Bo Diddley - Gun Slinger.mp3,Bo Diddley,2,Bo Diddley - Gun Slinger,Bo Diddley,Unknown Album,,,Bo Diddley,110
unknown_album_shard,/Users/roncompton/Music/RoseMusicWork/Music/Buddy Holly/Unknown Album/Buddy Holly and The Crickets - A Sweet Love.mp3,Buddy Holly,1,Buddy Holly and The Crickets - A Sweet Love,Buddy Holly,Unknown Album,,,Buddy Holly,126
unknown_album_shard,"/Users/roncompton/Music/RoseMusicWork/Music/Buddy Holly Medley/Unknown Album/What To Do-Crying, Waiting, Hoping-Learning The Game.mp3",Buddy Holly Medley,1,"Buddy Holly Medley- What To Do-Crying, Waiting, Hoping-Learning The Game",Buddy Holly Medley,Unknown Album,,,Buddy Holly Medley,263
unknown_album_shard,/Users/roncompton/Music/RoseMusicWork/Music/Caledonia Mission (Live)/Unknown Album/A Musical History [CD 4] - T.mp3,Caledonia Mission (Live),1,A Musical History [CD 4] - T,06_Caledonia_Mission_(Live)_,,,A Musical History,Caledonia Mission (Live),203
unknown_album_shard,/Users/roncompton/Music/RoseMusicWork/Music/Caledonia Mission (Song Sk/Unknown Album/A Musical History [CD 1] - T.mp3,Caledonia Mission (Song Sk,1,A Musical History [CD 1] - T,21_Caledonia_Mission_(Song_Sk,,,A Musical History,Caledonia Mission (Song Sk,149
unknown_album_shard,/Users/roncompton/Music/RoseMusicWork/Music/Can You Please Crawl Out Y/Unknown Album/A Musical History [CD 1] - T.mp3,Can You Please Crawl Out Y,1,A Musical History [CD 1] - T,15_Can_You_Please_Crawl_Out_Y,,,A Musical History,Can You Please Crawl Out Y,213
unknown_album_shard,/Users/roncompton/Music/RoseMusicWork/Music/Chest Fever/Unknown Album/A Musical History [CD 2] - T.mp3,Chest Fever,1,A Musical History [CD 2] - T,10_Chest_Fever_,,,A Musical History,Chest Fever,316
unknown_album_shard,/Users/roncompton/Music/RoseMusicWork/Music/Chest Fever (Live)/Unknown Album/A Musical History [CD 4] - T.mp3,Chest Fever (Live),1,A Musical History [CD 4] - T,11_Chest_Fever_(Live)_,,,A Musical History,Chest Fever (Live),304
unknown_album_shard,/Users/roncompton/Music/RoseMusicWork/Music/Christmas Must Be Tonight/Unknown Album/A Musical History [CD 5] - T.mp3,Christmas Must Be Tonight,1,A Musical History [CD 5] - T,11_Christmas_Must_Be_Tonight_,,,A Musical History,Christmas Must Be Tonight,217
unknown_album_shard,/Users/roncompton/Music/RoseMusicWork/Music/Daniel And The Sacred Harp/Unknown Album/A Musical History [CD 3] - T.mp3,Daniel And The Sacred Harp,1,A Musical History [CD 3] - T,10_Daniel_And_The_Sacred_Harp,,,A Musical History,Daniel And The Sacred Harp,264
unknown_album_shard,/Users/roncompton/Music/RoseMusicWork/Music/David Reo/Unknown Album/Loves made a fool of you.mp3,David Reo,1,Loves made a fool of you,David Reo,ROSE BK,,,David Reo,116
unknown_album_shard,/Users/roncompton/Music/RoseMusicWork/Music/Devil In Disguise/Unknown Album/Elvis Presley 7.mp3,Devil In Disguise,1,Devil In Disguise - Elvis Presley 7,Devil In Disguise,Unknown Album,,,Devil In Disguise,149
unknown_album_shard,/Users/roncompton/Music/RoseMusicWork/Music/Dick Dee Dee/Unknown Album/The Mountains High.mp3,Dick Dee Dee,1,Dick Dee Dee - The Mountains High,Dick Dee Dee,Unknown Album,,,Dick Dee Dee,878
unknown_album_shard,/Users/roncompton/Music/RoseMusicWork/Music/Didn't It Rain/Unknown Album/A Musical History [CD 5] - T.mp3,Didn't It Rain,1,A Musical History [CD 5] - T,03_Didn't_It_Rain_,,,A Musical History,Didn't It Rain,200
unknown_album_shard,/Users/roncompton/Music/RoseMusicWork/Music/Disco/Unknown Album/Inferno.mp3,Disco,1,Disco Inferno,Disco,Unknown Album,,,Disco,198
unknown_album_shard,/Users/roncompton/Music/RoseMusicWork/Music/Don/Unknown Album/t Go Breaking My Heart.mp3,Don,3,Don t Go Breaking My Heart,Don,Unknown Album,,,Don,275
unknown_album_shard,/Users/roncompton/Music/RoseMusicWork/Music/Don/Unknown Album/t Say Goodnight And Mean Goodbye.mp3,Don,3,Don t Say Goodnight And Mean Goodbye,Don,Unknown Album,,,Don,163
unknown_album_shard,/Users/roncompton/Music/RoseMusicWork/Music/Don/Unknown Album/t Sit Under The Apple Tree.mp3,Don,3,Don t Sit Under The Apple Tree,Don,Unknown Album,,,Don,179
unknown_album_shard,/Users/roncompton/Music/RoseMusicWork/Music/Don't Do It/Unknown Album/A Musical History [CD 3] - T.mp3,Don't Do It,1,A Musical History [CD 3] - T,17_Don't_Do_It_,,,A Musical History,Don't Do It,228
unknown_album_shard,/Users/roncompton/Music/RoseMusicWork/Music/Don't Do It (Live)/Unknown Album/A Musical History [CD 4] - T.mp3,Don't Do It (Live),1,A Musical History [CD 4] - T,05_Don't_Do_It_(Live)_,,,A Musical History,Don't Do It (Live),277
unknown_album_shard,/Users/roncompton/Music/RoseMusicWork/Music/Don't Ya Tell Henry/Unknown Album/A Musical History [CD 2] - T.mp3,Don't Ya Tell Henry,1,A Musical History [CD 2] - T,03_Don't_Ya_Tell_Henry_,,,A Musical History,Don't Ya Tell Henry,194
unknown_album_shard,/Users/roncompton/Music/RoseMusicWork/Music/Donna Summer/Unknown Album/I Feel Love.mp3,Donna Summer,1,Donna Summer - I Feel Love,Donna Summer,Unknown Album,,,Donna Summer,1170
unknown_album_shard,/Users/roncompton/Music/RoseMusicWork/Music/Earl Grant/Unknown Album/Fever.mp3,Earl Grant,1,Earl Grant-Fever,Earl Grant,ROSE BK,,,Earl Grant,1315
unknown_album_shard,/Users/roncompton/Music/RoseMusicWork/Music/Eddie Cochran/Unknown Album/Eddie Cochran Summertime Blues.mp3,Eddie Cochran,1,Eddie Cochran Summertime Blues,Eddie Cochran,ROSE BK,,,Eddie Cochran,118
unknown_album_shard,/Users/roncompton/Music/RoseMusicWork/Music/Endless Highway/Unknown Album/A Musical History [CD 4] - T.mp3,Endless Highway,1,A Musical History [CD 4] - T,14_Endless_Highway_,,,A Musical History,Endless Highway,308
unknown_album_shard,/Users/roncompton/Music/RoseMusicWork/Music/Eric B. & Rakim/Unknown Album/I Know You Got Soul.mp3,Eric B. & Rakim,1,Eric B and Rakim - I Know You Got Soul,Eric B. & Rakim,Unknown Album,,,Eric B. & Rakim,1366
unknown_album_shard,/Users/roncompton/Music/RoseMusicWork/Music/Evangeline/Unknown Album/A Musical History [CD 5] - T.mp3,Evangeline,1,A Musical History [CD 5] - T,17_Evangeline_,,,A Musical History,Evangeline,192
unknown_album_shard,/Users/roncompton/Music/RoseMusicWork/Music/Everly Brothers/Unknown Album/Problems.mp3,Everly Brothers,1,Everly Brothers - Problems,Everly Brothers,Unknown Album,,,Everly Brothers,120
unknown_album_shard,/Users/roncompton/Music/RoseMusicWork/Music/Ferdinand The Impostor/Unknown Album/A Musical History [CD 1] - T.mp3,Ferdinand The Impostor,1,A Musical History [CD 1] - T,23_Ferdinand_The_Impostor_,,,A Musical History,Ferdinand The Impostor,247
unknown_album_shard,/Users/roncompton/Music/RoseMusicWork/Music/Forbidden Fruit (Live)/Unknown Album/A Musical History [CD 5] - T.mp3,Forbidden Fruit (Live),1,A Musical History [CD 5] - T,14_Forbidden_Fruit_(Live)_,,,A Musical History,Forbidden Fruit (Live),341
unknown_album_shard,/Users/roncompton/Music/RoseMusicWork/Music/Foreigner/Unknown Album/I Want To Know What Love Is.mp3,Foreigner,1,Foreigner - I Want To Know What Love Is,Foreigner,Unknown Album,,,Foreigner,1391
unknown_album_shard,/Users/roncompton/Music/RoseMusicWork/Music/Forever Young/Unknown Album/A Musical History [CD 5] - T.mp3,Forever Young,1,A Musical History [CD 5] - T,04_Forever_Young_,,,A Musical History,Forever Young,297
unknown_album_shard,/Users/roncompton/Music/RoseMusicWork/Music/Four Lads/Unknown Album/Moments To Remember.mp3,Four Lads,1,Four Lads - Moments To Remember,Four Lads,Unknown Album,,,Four Lads,213
unknown_album_shard,/Users/roncompton/Music/RoseMusicWork/Music/Further On Up The Road/Unknown Album/A Musical History [CD 1] - R.mp3,Further On Up The Road,1,A Musical History [CD 1] - R,03_Further_On_Up_The_Road_,,,A Musical History,Further On Up The Road,189
unknown_album_shard,/Users/roncompton/Music/RoseMusicWork/Music/Gene Chandler/Unknown Album/The Duke of Earl.mp3,Gene Chandler,1,Gene Chandler - The Duke of Earl,Gene Chandler,Unknown Album,,,Gene Chandler,972
unknown_album_shard,/Users/roncompton/Music/RoseMusicWork/Music/Genetic Method (Live)/Unknown Album/A Musical History [CD 4] - T.mp3,Genetic Method (Live),1,A Musical History [CD 4] - T,10_The_Genetic_Method_(Live)_,,,A Musical History,The Genetic Method (Live),452
unknown_album_shard,/Users/roncompton/Music/RoseMusicWork/Music/Get Up Jake/Unknown Album/A Musical History [CD 3] - T.mp3,Get Up Jake,1,A Musical History [CD 3] - T,08_Get_Up_Jake_,,,A Musical History,Get Up Jake,138
unknown_album_shard,/Users/roncompton/Music/RoseMusicWork/Music/Gladys Knight/Unknown Album/Midnight Train To Georgia.mp3,Gladys Knight,1,Gladys Knight - Midnight Train To Georgia,Gladys Knight,Unknown Album,,,Gladys Knight,1243
unknown_album_shard,/Users/roncompton/Music/RoseMusicWork/Music/Go Go Liza Jane/Unknown Album/A Musical History [CD 1] - T.mp3,Go Go Liza Jane,1,A Musical History [CD 1] - T,14_Go_Go_Liza_Jane_,,,A Musical History,Go Go Liza Jane,133
unknown_album_shard,/Users/roncompton/Music/RoseMusicWork/Music/Guy Mitchell/Unknown Album/Sipping Soda.mp3,Guy Mitchell,1,Guy Mitchell - Sipping Soda,Guy Mitchell,Unknown Album,,,Guy Mitchell,144
unknown_album_shard,/Users/roncompton/Music/RoseMusicWork/Music/He Don't Love You (And He'/Unknown Album/A Musical History [CD 1] - T.mp3,He Don't Love You (And He',1,A Musical History [CD 1] - T,10_He_Don't_Love_You_(And_He',,,A Musical History,He Don't Love You (And He',159
unknown_album_shard,/Users/roncompton/Music/RoseMusicWork/Music/Highway 61 Revisited (Live/Unknown Album/A Musical History [CD 5] - T.mp3,Highway 61 Revisited (Live,1,A Musical History [CD 5] - T,06_Highway_61_Revisited_(Live,,,A Musical History,Highway 61 Revisited (Live,238
unknown_album_shard,/Users/roncompton/Music/RoseMusicWork/Music/Home Cookin'/Unknown Album/A Musical History [CD 5] - T.mp3,Home Cookin',1,A Musical History [CD 5] - T,15_Home_Cookin'_,,,A Musical History,Home Cookin',225
unknown_album_shard,/Users/roncompton/Music/RoseMusicWork/Music/Honky Tonk/Unknown Album/A Musical History [CD 1] - T.mp3,Honky Tonk,1,A Musical History [CD 1] - T,05_Honky_Tonk_,,,A Musical History,Honky Tonk,185
unknown_album_shard,/Users/roncompton/Music/RoseMusicWork/Music/I Ain't Got No Home (Live)/Unknown Album/A Musical History [CD 2] - T.mp3,I Ain't Got No Home (Live),1,A Musical History [CD 2] - T,15_I_Ain't_Got_No_Home_(Live),,,A Musical History,I Ain't Got No Home (Live),227
unknown_album_shard,/Users/roncompton/Music/RoseMusicWork/Music/I Shall Be Released/Unknown Album/A Musical History [CD 2] - T.mp3,I Shall Be Released,1,A Musical History [CD 2] - T,13_I_Shall_Be_Released_,,,A Musical History,I Shall Be Released,195
unknown_album_shard,/Users/roncompton/Music/RoseMusicWork/Music/I'm Sorry/Unknown Album/2.mp3,I'm Sorry,1,I'm Sorry 1 2,I'm Sorry,Unknown Album,,,I'm Sorry,161
unknown_album_shard,/Users/roncompton/Music/RoseMusicWork/Music/Iggy Pop/Unknown Album/Lust For Life.mp3,Iggy Pop,1,Iggy Pop - Lust For Life,Iggy Pop,Unknown Album,,,Iggy Pop,1597
unknown_album_shard,/Users/roncompton/Music/RoseMusicWork/Music/In A Station/Unknown Album/A Musical History [CD 2] - T.mp3,In A Station,1,A Musical History [CD 2] - T,06_In_A_Station_,,,A Musical History,In A Station,213
unknown_album_shard,/Users/roncompton/Music/RoseMusicWork/Music/Isley Brothers/Unknown Album/Shout (Parts 1 & 2).mp3,Isley Brothers,1,Isley Brothers - Shout (Parts 1 & 2),Isley Brothers,Unknown Album,,,Isley Brothers,1323
unknown_album_shard,/Users/roncompton/Music/RoseMusicWork/Music/It Makes No Difference/Unknown Album/A Musical History [CD 5] - T.mp3,It Makes No Difference,1,A Musical History [CD 5] - T,09_It_Makes_No_Difference_,,,A Musical History,It Makes No Difference,395
unknown_album_shard,/Users/roncompton/Music/RoseMusicWork/Music/It Was I/Unknown Album/Skip Flip.mp3,It Was I,1,It Was I - Skip Flip,It Was I,Unknown Album,,,It Was I,156
unknown_album_shard,/Users/roncompton/Music/RoseMusicWork/Music/Jackie Lee Cochran/Unknown Album/Ruby Pearl.mp3,Jackie Lee Cochran,1,Jackie Lee Cochran - Ruby Pearl,Jackie Lee Cochran,Unknown Album,,,Jackie Lee Cochran,1777
unknown_album_shard,/Users/roncompton/Music/RoseMusicWork/Music/Jackie Wilson/Unknown Album/That's Why.mp3,Jackie Wilson,1,Jackie Wilson - That's Why,Jackie Wilson,Unknown Album,,,Jackie Wilson,128
unknown_album_shard,/Users/roncompton/Music/RoseMusicWork/Music/Jackson Browne/Unknown Album/Running On Empty.mp3,Jackson Browne,1,Jackson Browne - Running On Empty,Jackson Browne,Unknown Album,,,Jackson Browne,1479
unknown_album_shard,/Users/roncompton/Music/RoseMusicWork/Music/Janis Joplin/Unknown Album/Piece Of My Heart.mp3,Janis Joplin,1,Janis Joplin - Piece Of My Heart,Janis Joplin,Unknown Album,,,Janis Joplin,1194
unknown_album_shard,/Users/roncompton/Music/RoseMusicWork/Music/Jeff Buckley/Unknown Album/Hallelujah.mp3,Jeff Buckley,1,Jeff Buckley - Hallelujah,Jeff Buckley,Unknown Album,,,Jeff Buckley,1836
unknown_album_shard,/Users/roncompton/Music/RoseMusicWork/Music/Jefferson Airplane/Unknown Album/Jefferson Airplane - Somebody To Love.mp3,Jefferson Airplane,2,Jefferson Airplane - Somebody To Love,Jefferson Airplane,Unknown Album,,,Jefferson Airplane,178
unknown_album_shard,/Users/roncompton/Music/RoseMusicWork/Music/Jefferson Airplane/Unknown Album/Jefferson Airplane - White Rabbit.mp3,Jefferson Airplane,2,Jefferson Airplane - White Rabbit,Jefferson Airplane,Unknown Album,,,Jefferson Airplane,151
unknown_album_shard,/Users/roncompton/Music/RoseMusicWork/Music/Jemima Surrender (Early Ve/Unknown Album/A Musical History [CD 3] - T.mp3,Jemima Surrender (Early Ve,1,A Musical History [CD 3] - T,09_Jemima_Surrender_(Early_Ve,,,A Musical History,Jemima Surrender (Early Ve,229
unknown_album_shard,/Users/roncompton/Music/RoseMusicWork/Music/Joe Bennett and the Sparkletones/Unknown Album/Black Slacks.mp3,Joe Bennett and the Sparkletones,1,Joe Bennett and the Sparkletones - Black Slacks,Joe Bennett and the Sparkletones,Unknown Album,,,Joe Bennett and the Sparkletones,388
unknown_album_shard,/Users/roncompton/Music/RoseMusicWork/Music/Just Like Tom Thumb's Blue/Unknown Album/A Musical History [CD 1] - T.mp3,Just Like Tom Thumb's Blue,1,A Musical History [CD 1] - T,17_Just_Like_Tom_Thumb's_Blue,,,A Musical History,Just Like Tom Thumb's Blue,338
unknown_album_shard,/Users/roncompton/Music/RoseMusicWork/Music/Katie's Been Gone/Unknown Album/A Musical History [CD 2] - T.mp3,Katie's Been Gone,1,A Musical History [CD 2] - T,01_Katie's_Been_Gone_,,,A Musical History,Katie's Been Gone,166
unknown_album_shard,/Users/roncompton/Music/RoseMusicWork/Music/Key To The Highway/Unknown Album/A Musical History [CD 2] - T.mp3,Key To The Highway,1,A Musical History [CD 2] - T,19_Key_To_The_Highway_,,,A Musical History,Key To The Highway,144
unknown_album_shard,/Users/roncompton/Music/RoseMusicWork/Music/King Harvest (Has Surely C/Unknown Album/A Musical History [CD 3] - T.mp3,King Harvest (Has Surely C,1,A Musical History [CD 3] - T,07_King_Harvest_(Has_Surely_C,,,A Musical History,King Harvest (Has Surely C,220
unknown_album_shard,/Users/roncompton/Music/RoseMusicWork/Music/King of Rockabilly Carl Perkins/Unknown Album/All Mama's Children SUN78RPM.mp3,King of Rockabilly Carl Perkins,1,King of Rockabilly Carl Perkins-All Mama's Children SUN78RPM,King of Rockabilly Carl Perkins,ROSE BK,,,King of Rockabilly Carl Perkins,2248
unknown_album_shard,/Users/roncompton/Music/RoseMusicWork/Music/Leave Me Alone/Unknown Album/A Musical History [CD 1] - T.mp3,Leave Me Alone,1,A Musical History [CD 1] - T,08_Leave_Me_Alone_,,,A Musical History,Leave Me Alone,158
unknown_album_shard,/Users/roncompton/Music/RoseMusicWork/Music/Life Is A Carnival/Unknown Album/A Musical History [CD 4] - T.mp3,Life Is A Carnival,1,A Musical History [CD 4] - T,01_Life_Is_A_Carnival_,,,A Musical History,Life Is A Carnival,235
unknown_album_shard,/Users/roncompton/Music/RoseMusicWork/Music/Livin' In A Dream/Unknown Album/A Musical History [CD 5] - T.mp3,Livin' In A Dream,1,A Musical History [CD 5] - T,13_Livin'_In_A_Dream_,,,A Musical History,Livin' In A Dream,172
unknown_album_shard,/Users/roncompton/Music/RoseMusicWork/Music/Lonesome Suzie (Alternate/Unknown Album/A Musical History [CD 2] - T.mp3,Lonesome Suzie (Alternate,1,A Musical History [CD 2] - T,11_Lonesome_Suzie_(Alternate_,,,A Musical History,Lonesome Suzie (Alternate,180
unknown_album_shard,/Users/roncompton/Music/RoseMusicWork/Music/Long Black Veil/Unknown Album/A Musical History [CD 2] - T.mp3,Long Black Veil,1,A Musical History [CD 2] - T,09_Long_Black_Veil_,,,A Musical History,Long Black Veil,183
unknown_album_shard,/Users/roncompton/Music/RoseMusicWork/Music/Long Distance Operator/Unknown Album/A Musical History [CD 2] - T.mp3,Long Distance Operator,1,A Musical History [CD 2] - T,18_Long_Distance_Operator_,,,A Musical History,Long Distance Operator,274
unknown_album_shard,/Users/roncompton/Music/RoseMusicWork/Music/Look Out Cleveland (Live)/Unknown Album/A Musical History [CD 3] - T.mp3,Look Out Cleveland (Live),1,A Musical History [CD 3] - T,20_Look_Out_Cleveland_(Live)_,,,A Musical History,Look Out Cleveland (Live),215
unknown_album_shard,/Users/roncompton/Music/RoseMusicWork/Music/Loving You (Is Sweeter Tha/Unknown Album/A Musical History [CD 4] - T.mp3,Loving You (Is Sweeter Tha,1,A Musical History [CD 4] - T,13_Loving_You_(Is_Sweeter_Tha,,,A Musical History,Loving You (Is Sweeter Tha,218
unknown_album_shard,/Users/roncompton/Music/RoseMusicWork/Music/Moon Struck One/Unknown Album/A Musical History [CD 4] - T.mp3,Moon Struck One,1,A Musical History [CD 4] - T,03_The_Moon_Struck_One_,,,A Musical History,The Moon Struck One,249
unknown_album_shard,/Users/roncompton/Music/RoseMusicWork/Music/Move Me (Song Sketch)/Unknown Album/A Musical History [CD 4] - T.mp3,Move Me (Song Sketch),1,A Musical History [CD 4] - T,15_Move_Me_(Song_Sketch)_,,,A Musical History,Move Me (Song Sketch),177
unknown_album_shard,/Users/roncompton/Music/RoseMusicWork/Music/Mystery Train/Unknown Album/A Musical History [CD 4] - T.mp3,Mystery Train,1,A Musical History [CD 4] - T,17_Mystery_Train_,,,A Musical History,Mystery Train,334
unknown_album_shard,/Users/roncompton/Music/RoseMusicWork/Music/Night They Drove Old D/Unknown Album/A Musical History [CD 3] - T.mp3,Night They Drove Old D,2,A Musical History [CD 3] - T,03_The_Night_They_Drove_Old_D,,,A Musical History,The Night They Drove Old D,214
unknown_album_shard,/Users/roncompton/Music/RoseMusicWork/Music/Night They Drove Old D/Unknown Album/A Musical History [CD 5] - T.mp3,Night They Drove Old D,2,A Musical History [CD 5] - T,18_The_Night_They_Drove_Old_D,,,A Musical History,The Night They Drove Old D,274
unknown_album_shard,/Users/roncompton/Music/RoseMusicWork/Music/Nineteen Years Old/Unknown Album/A Musical History [CD 1] - R.mp3,Nineteen Years Old,1,A Musical History [CD 1] - R,04_Nineteen_Years_Old_,,,A Musical History,Nineteen Years Old,255
unknown_album_shard,/Users/roncompton/Music/RoseMusicWork/Music/Odds And Ends/Unknown Album/A Musical History [CD 1] - T.mp3,Odds And Ends,1,A Musical History [CD 1] - T,22_Odds_And_Ends_,,,A Musical History,Odds And Ends,109
unknown_album_shard,/Users/roncompton/Music/RoseMusicWork/Music/Ophelia/Unknown Album/A Musical History [CD 5] - T.mp3,Ophelia,1,A Musical History [CD 5] - T,07_Ophelia_,,,A Musical History,Ophelia,213
unknown_album_shard,/Users/roncompton/Music/RoseMusicWork/Music/Orange Juice Blues (Blues/Unknown Album/A Musical History [CD 2] - T.mp3,Orange Juice Blues (Blues,1,A Musical History [CD 2] - T,16_Orange_Juice_Blues_(Blues_,,,A Musical History,Orange Juice Blues (Blues,199
unknown_album_shard,/Users/roncompton/Music/RoseMusicWork/Music/Out Of The Blue/Unknown Album/A Musical History [CD 5] - T.mp3,Out Of The Blue,1,A Musical History [CD 5] - T,16_Out_Of_The_Blue_,,,A Musical History,Out Of The Blue,202
unknown_album_shard,/Users/roncompton/Music/RoseMusicWork/Music/Rag Mama Rag/Unknown Album/A Musical History [CD 3] - T.mp3,Rag Mama Rag,1,A Musical History [CD 3] - T,02_Rag_Mama_Rag_,,,A Musical History,Rag Mama Rag,186
unknown_album_shard,/Users/roncompton/Music/RoseMusicWork/Music/Rainy Day Women (Live)/Unknown Album/A Musical History [CD 5] - T.mp3,Rainy Day Women (Live),1,A Musical History [CD 5] - T,05_Rainy_Day_Women_(Live)_,,,A Musical History,Rainy Day Women (Live),217
unknown_album_shard,/Users/roncompton/Music/RoseMusicWork/Music/River Hymn/Unknown Album/A Musical History [CD 4] - T.mp3,River Hymn,1,A Musical History [CD 4] - T,04_The_River_Hymn_,,,A Musical History,The River Hymn,282
unknown_album_shard,/Users/roncompton/Music/RoseMusicWork/Music/Robbie's Blues/Unknown Album/A Musical History [CD 1] - T.mp3,Robbie's Blues,1,A Musical History [CD 1] - T,07_Robbie's_Blues_,,,A Musical History,Robbie's Blues,217
unknown_album_shard,/Users/roncompton/Music/RoseMusicWork/Music/Rockin' Chair (Live)/Unknown Album/A Musical History [CD 3] - T.mp3,Rockin' Chair (Live),1,A Musical History [CD 3] - T,19_Rockin'_Chair_(Live)_,,,A Musical History,Rockin' Chair (Live),252
unknown_album_shard,/Users/roncompton/Music/RoseMusicWork/Music/Ruben Remus/Unknown Album/A Musical History [CD 1] - T.mp3,Ruben Remus,1,A Musical History [CD 1] - T,24_Ruben_Remus_,,,A Musical History,Ruben Remus,195
unknown_album_shard,/Users/roncompton/Music/RoseMusicWork/Music/Rumor/Unknown Album/A Musical History [CD 3] - T.mp3,Rumor,1,A Musical History [CD 3] - T,15_The_Rumor_,,,A Musical History,The Rumor,256
unknown_album_shard,/Users/roncompton/Music/RoseMusicWork/Music/Saga Of Pepote Rouge/Unknown Album/A Musical History [CD 5] - T.mp3,Saga Of Pepote Rouge,1,A Musical History [CD 5] - T,12_The_Saga_Of_Pepote_Rouge_,,,A Musical History,The Saga Of Pepote Rouge,255
unknown_album_shard,/Users/roncompton/Music/RoseMusicWork/Music/Shape I'm In/Unknown Album/A Musical History [CD 3] - T.mp3,Shape I'm In,1,A Musical History [CD 3] - T,13_The_Shape_I'm_In_,,,A Musical History,The Shape I'm In,243
unknown_album_shard,/Users/roncompton/Music/RoseMusicWork/Music/Share Your Love With Me/Unknown Album/A Musical History [CD 5] - T.mp3,Share Your Love With Me,1,A Musical History [CD 5] - T,02_Share_Your_Love_With_Me_,,,A Musical History,Share Your Love With Me,176
unknown_album_shard,/Users/roncompton/Music/RoseMusicWork/Music/Slippin' & Slidin' (Live)/Unknown Album/A Musical History [CD 3] - T.mp3,Slippin' & Slidin' (Live),1,A Musical History [CD 3] - T,16_Slippin'_&_Slidin'_(Live)_,,,A Musical History,Slippin' & Slidin' (Live),203
unknown_album_shard,/Users/roncompton/Music/RoseMusicWork/Music/Smoke Signal (Live)/Unknown Album/A Musical History [CD 4] - T.mp3,Smoke Signal (Live),1,A Musical History [CD 4] - T,07_Smoke_Signal_(Live)_,,,A Musical History,Smoke Signal (Live),309
unknown_album_shard,/Users/roncompton/Music/RoseMusicWork/Music/Stage Fright/Unknown Album/A Musical History [CD 3] - T.mp3,Stage Fright,1,A Musical History [CD 3] - T,14_Stage_Fright_,,,A Musical History,Stage Fright,223
unknown_album_shard,/Users/roncompton/Music/RoseMusicWork/Music/Stones I Throw (Song S/Unknown Album/A Musical History [CD 1] - T.mp3,Stones I Throw (Song S,1,A Musical History [CD 1] - T,12_The_Stones_I_Throw_(Song_S,,,A Musical History,The Stones I Throw (Song S,67
unknown_album_shard,/Users/roncompton/Music/RoseMusicWork/Music/Stones I Throw (Will F/Unknown Album/A Musical History [CD 1] - T.mp3,Stones I Throw (Will F,1,A Musical History [CD 1] - T,13_The_Stones_I_Throw_(Will_F,,,A Musical History,The Stones I Throw (Will F,126
unknown_album_shard,/Users/roncompton/Music/RoseMusicWork/Music/Strawberry Wine (Live)/Unknown Album/A Musical History [CD 3] - T.mp3,Strawberry Wine (Live),1,A Musical History [CD 3] - T,18_Strawberry_Wine_(Live)_,,,A Musical History,Strawberry Wine (Live),227
unknown_album_shard,/Users/roncompton/Music/RoseMusicWork/Music/Tears Of Rage/Unknown Album/A Musical History [CD 2] - T.mp3,Tears Of Rage,1,A Musical History [CD 2] - T,04_Tears_Of_Rage_,,,A Musical History,Tears Of Rage,321
unknown_album_shard,"/Users/roncompton/Music/RoseMusicWork/Music/Tell Me, Momma (Live)/Unknown Album/A Musical History [CD 1] - T.mp3","Tell Me, Momma (Live)",1,A Musical History [CD 1] - T,"16_Tell_Me,_Momma_(Live)_",,,A Musical History,"Tell Me, Momma (Live)",246
unknown_album_shard,/Users/roncompton/Music/RoseMusicWork/Music/This Wheel's On Fire/Unknown Album/A Musical History [CD 2] - T.mp3,This Wheel's On Fire,1,A Musical History [CD 2] - T,12_This_Wheel's_On_Fire_,,,A Musical History,This Wheel's On Fire,193
unknown_album_shard,/Users/roncompton/Music/RoseMusicWork/Music/Time To Kill/Unknown Album/A Musical History [CD 3] - T.mp3,Time To Kill,1,A Musical History [CD 3] - T,11_Time_To_Kill_,,,A Musical History,Time To Kill,209
unknown_album_shard,/Users/roncompton/Music/RoseMusicWork/Music/To Kingdome Come (Full/Unknown Album/Length Version) - A Musical H.mp3,To Kingdome Come (Full,1,Length Version) - A Musical H,05_To_Kingdome_Come_(Full,,,,To Kingdome Come (Full,238
unknown_album_shard,/Users/roncompton/Music/RoseMusicWork/Music/Twilight (Song Sketch)/Unknown Album/A Musical History [CD 5] - T.mp3,Twilight (Song Sketch),1,A Musical History [CD 5] - T,10_Twilight_(Song_Sketch)_,,,A Musical History,Twilight (Song Sketch),205
unknown_album_shard,/Users/roncompton/Music/RoseMusicWork/Music/Two Piano Song/Unknown Album/A Musical History [CD 4] - T.mp3,Two Piano Song,1,A Musical History [CD 4] - T,16_Two_Piano_Song_,,,A Musical History,Two Piano Song,253
unknown_album_shard,/Users/roncompton/Music/RoseMusicWork/Music/Uh Uh Uh/Unknown Album/A Musical History [CD 1] - T.mp3,Uh Uh Uh,1,A Musical History [CD 1] - T,09_Uh_Uh_Uh_,,,A Musical History,Uh Uh Uh,142
unknown_album_shard,/Users/roncompton/Music/RoseMusicWork/Music/Unfaithful Servant (Live)/Unknown Album/A Musical History [CD 4] - T.mp3,Unfaithful Servant (Live),1,A Musical History [CD 4] - T,08_Unfaithful_Servant_(Live)_,,,A Musical History,Unfaithful Servant (Live),281
unknown_album_shard,/Users/roncompton/Music/RoseMusicWork/Music/Up On Cripple Creek/Unknown Album/A Musical History [CD 3] - T.mp3,Up On Cripple Creek,1,A Musical History [CD 3] - T,05_Up_On_Cripple_Creek_,,,A Musical History,Up On Cripple Creek,275
unknown_album_shard,/Users/roncompton/Music/RoseMusicWork/Music/W.S. Walcoot Medicine/Unknown Album/A Musical History [CD 4] - T.mp3,W.S. Walcoot Medicine,1,A Musical History [CD 4] - T,09_The_W.S._Walcoot_Medicine_,,,A Musical History,The W.S. Walcoot Medicine,246
unknown_album_shard,/Users/roncompton/Music/RoseMusicWork/Music/We Can Talk/Unknown Album/A Musical History [CD 2] - T.mp3,We Can Talk,1,A Musical History [CD 2] - T,08_We_Can_Talk_,,,A Musical History,We Can Talk,185
unknown_album_shard,/Users/roncompton/Music/RoseMusicWork/Music/Weight/Unknown Album/A Musical History [CD 2] - T.mp3,Weight,2,A Musical History [CD 2] - T,07_The_Weight_,,,A Musical History,The Weight,278
unknown_album_shard,/Users/roncompton/Music/RoseMusicWork/Music/Weight/Unknown Album/A Musical History [CD 5] - T.mp3,Weight,2,A Musical History [CD 5] - T,19_The_Weight_,,,A Musical History,The Weight,276
unknown_album_shard,/Users/roncompton/Music/RoseMusicWork/Music/When I Paint My Masterpiec/Unknown Album/A Musical History [CD 4] - T.mp3,When I Paint My Masterpiec,1,A Musical History [CD 4] - T,02_When_I_Paint_My_Masterpiec,,,A Musical History,When I Paint My Masterpiec,261
unknown_album_shard,/Users/roncompton/Music/RoseMusicWork/Music/When You Awake/Unknown Album/A Musical History [CD 3] - T.mp3,When You Awake,1,A Musical History [CD 3] - T,04_When_You_Awake_,,,A Musical History,When You Awake,195
unknown_album_shard,/Users/roncompton/Music/RoseMusicWork/Music/Whispering Pines/Unknown Album/A Musical History [CD 3] - T.mp3,Whispering Pines,1,A Musical History [CD 3] - T,06_Whispering_Pines_,,,A Musical History,Whispering Pines,239
unknown_album_shard,/Users/roncompton/Music/RoseMusicWork/Music/Who Do You Love/Unknown Album/A Musical History [CD 1] - R.mp3,Who Do You Love,1,A Musical History [CD 1] - R,01_Who_Do_You_Love_,,,A Musical History,Who Do You Love,162
unknown_album_shard,/Users/roncompton/Music/RoseMusicWork/Music/Will The Circle Be Unbroke/Unknown Album/A Musical History [CD 1] - T.mp3,Will The Circle Be Unbroke,1,A Musical History [CD 1] - T,25_Will_The_Circle_Be_Unbroke,,,A Musical History,Will The Circle Be Unbroke,55
unknown_album_shard,/Users/roncompton/Music/RoseMusicWork/Music/Words And Numbers (Song Sk/Unknown Album/A Musical History [CD 1] - T.mp3,Words And Numbers (Song Sk,1,A Musical History [CD 1] - T,18_Words_And_Numbers_(Song_Sk,,,A Musical History,Words And Numbers (Song Sk,253
unknown_album_shard,/Users/roncompton/Music/RoseMusicWork/Music/Yazoo Street Scandal/Unknown Album/A Musical History [CD 2] - T.mp3,Yazoo Street Scandal,1,A Musical History [CD 2] - T,14_Yazoo_Street_Scandal_,,,A Musical History,Yazoo Street Scandal,236
unknown_album_shard,/Users/roncompton/Music/RoseMusicWork/Music/You Don't Come Through (So/Unknown Album/A Musical History [CD 1] - T.mp3,You Don't Come Through (So,1,A Musical History [CD 1] - T,19_You_Don't_Come_Through_(So,,,A Musical History,You Don't Come Through (So,123
unknown_album_shard,/Users/roncompton/Music/RoseMusicWork/Music/You Know I Love You/Unknown Album/A Musical History [CD 1] - R.mp3,You Know I Love You,1,A Musical History [CD 1] - R,02_You_Know_I_Love_You_,,,A Musical History,You Know I Love You,165
unknown_album_shard,/Users/roncompton/Music/RoseMusicWork/Music/charlie & ellie/Unknown Album/01.mp3,charlie & ellie,1,01,charlie & ellie,,,,charlie & ellie,198
malformed_album_track,/Users/roncompton/Music/RoseMusicWork/Music/Various Artists/A Musical History/A Musical History [CD 1] - T (15).mp3,Various Artists,,A Musical History [CD 1] - T,"Tell Me, Momma",A Musical History,"Tell Me, Momma",A Musical History,"Tell Me, Momma",246
malformed_album_track,/Users/roncompton/Music/RoseMusicWork/Music/Various Artists/A Musical History/A Musical History [CD 3] - T (21).mp3,Various Artists,,A Musical History [CD 3] - T,Whispering Pines,A Musical History,Whispering Pines,A Musical History,Whispering Pines,239
malformed_album_track,/Users/roncompton/Music/RoseMusicWork/Music/Various Artists/A Musical History/A Musical History [CD 5] - T (15).mp3,Various Artists,,A Musical History [CD 5] - T,Out Of The Blue,A Musical History,Out Of The Blue,A Musical History,Out Of The Blue,202
malformed_album_track,/Users/roncompton/Music/RoseMusicWork/Music/Various Artists/A Musical History/A Musical History [CD 2] - T (2).mp3,Various Artists,,A Musical History [CD 2] - T,The Weight,A Musical History,The Weight,A Musical History,The Weight,278
malformed_album_track,/Users/roncompton/Music/RoseMusicWork/Music/Various Artists/A Musical History/A Musical History [CD 5] - T (2).mp3,Various Artists,,A Musical History [CD 5] - T,The Weight,A Musical History,The Weight,A Musical History,The Weight,276
malformed_album_track,/Users/roncompton/Music/RoseMusicWork/Music/Various Artists/A Musical History/A Musical History [CD 3] - T (17).mp3,Various Artists,,A Musical History [CD 3] - T,The Shape I'm In,A Musical History,The Shape I'm In,A Musical History,The Shape I'm In,243
malformed_album_track,/Users/roncompton/Music/RoseMusicWork/Music/Various Artists/A Musical History/A Musical History [CD 4] - T (16).mp3,Various Artists,,A Musical History [CD 4] - T,Unfaithful Servant,A Musical History,Unfaithful Servant,A Musical History,Unfaithful Servant,281
malformed_album_track,/Users/roncompton/Music/RoseMusicWork/Music/Various Artists/A Musical History/A Musical History [CD 3] - T (3).mp3,Various Artists,,A Musical History [CD 3] - T,Across The Great Divide,A Musical History,Across The Great Divide,A Musical History,Across The Great Divide,173
malformed_album_track,/Users/roncompton/Music/RoseMusicWork/Music/Various Artists/A Musical History/A Musical History [CD 5] - T (19).mp3,Various Artists,,A Musical History [CD 5] - T,Twilight,A Musical History,Twilight,A Musical History,Twilight,205
malformed_album_track,/Users/roncompton/Music/RoseMusicWork/Music/Various Artists/A Musical History/A Musical History [CD 2] - T (18).mp3,Various Artists,,A Musical History [CD 2] - T,Yazoo Street Scandal,A Musical History,Yazoo Street Scandal,A Musical History,Yazoo Street Scandal,236
malformed_album_track,/Users/roncompton/Music/RoseMusicWork/Music/Various Artists/A Musical History/A Musical History [CD 5] - T (18).mp3,Various Artists,,A Musical History [CD 5] - T,The Saga Of Pepote Rouge,A Musical History,The Saga Of Pepote Rouge,A Musical History,The Saga Of Pepote Rouge,255
malformed_album_track,/Users/roncompton/Music/RoseMusicWork/Music/Various Artists/A Musical History/A Musical History [CD 4] - T (2).mp3,Various Artists,,A Musical History [CD 4] - T,Don't Do It,A Musical History,Don't Do It,A Musical History,Don't Do It,277
malformed_album_track,/Users/roncompton/Music/RoseMusicWork/Music/Various Artists/A Musical History/A Musical History [CD 3] - T (16).mp3,Various Artists,,A Musical History [CD 3] - T,The Rumor,A Musical History,The Rumor,A Musical History,The Rumor,256
malformed_album_track,/Users/roncompton/Music/RoseMusicWork/Music/Various Artists/A Musical History/A Musical History [CD 1] - T (18).mp3,Various Artists,,A Musical History [CD 1] - T,Uh Uh Uh,A Musical History,Uh Uh Uh,A Musical History,Uh Uh Uh,142
malformed_album_track,/Users/roncompton/Music/RoseMusicWork/Music/Various Artists/A Musical History/A Musical History [CD 5] - T (3).mp3,Various Artists,,A Musical History [CD 5] - T,Acadian Driftwood,A Musical History,Acadian Driftwood,A Musical History,Acadian Driftwood,402
malformed_album_track,/Users/roncompton/Music/RoseMusicWork/Music/Various Artists/A Musical History/A Musical History [CD 2] - T (15).mp3,Various Artists,,A Musical History [CD 2] - T,Tears Of Rage,A Musical History,Tears Of Rage,A Musical History,Tears Of Rage,321
malformed_album_track,/Users/roncompton/Music/RoseMusicWork/Music/Various Artists/A Musical History/A Musical History [CD 5] - T (14).mp3,Various Artists,,A Musical History [CD 5] - T,Ophelia,A Musical History,Ophelia,A Musical History,Ophelia,213
malformed_album_track,/Users/roncompton/Music/RoseMusicWork/Music/Various Artists/A Musical History/A Musical History [CD 3] - T (20).mp3,Various Artists,,A Musical History [CD 3] - T,When You Awake,A Musical History,When You Awake,A Musical History,When You Awake,195
malformed_album_track,/Users/roncompton/Music/RoseMusicWork/Music/Various Artists/A Musical History/A Musical History [CD 1] - T (14).mp3,Various Artists,,A Musical History [CD 1] - T,Ruben Remus,A Musical History,Ruben Remus,A Musical History,Ruben Remus,195
malformed_album_track,/Users/roncompton/Music/RoseMusicWork/Music/Various Artists/A Musical History/A Musical History [CD 3] - T (11).mp3,Various Artists,,A Musical History [CD 3] - T,Rag Mama Rag,A Musical History,Rag Mama Rag,A Musical History,Rag Mama Rag,186
malformed_album_track,/Users/roncompton/Music/RoseMusicWork/Music/Various Artists/A Musical History/A Musical History [CD 4] - T (10).mp3,Various Artists,,A Musical History [CD 4] - T,Smoke Signal,A Musical History,Smoke Signal,A Musical History,Smoke Signal,309
malformed_album_track,/Users/roncompton/Music/RoseMusicWork/Music/Various Artists/A Musical History/A Musical History [CD 3] - T (5).mp3,Various Artists,,A Musical History [CD 3] - T,Daniel And The Sacred Harp,A Musical History,Daniel And The Sacred Harp,A Musical History,Daniel And The Sacred Harp,264
malformed_album_track,/Users/roncompton/Music/RoseMusicWork/Music/Various Artists/A Musical History/A Musical History [CD 4] - T (5).mp3,Various Artists,,A Musical History [CD 4] - T,Endless Highway,A Musical History,Endless Highway,A Musical History,Endless Highway,308
malformed_album_track,/Users/roncompton/Music/RoseMusicWork/Music/Various Artists/A Musical History/A Musical History [CD 2] - T (8).mp3,Various Artists,,A Musical History [CD 2] - T,In A Station,A Musical History,In A Station,A Musical History,In A Station,213
malformed_album_track,/Users/roncompton/Music/RoseMusicWork/Music/Various Artists/A Musical History/A Musical History [CD 5] - T (8).mp3,Various Artists,,A Musical History [CD 5] - T,Forbidden Fruit,A Musical History,Forbidden Fruit,A Musical History,Forbidden Fruit,341
malformed_album_track,/Users/roncompton/Music/RoseMusicWork/Music/Various Artists/A Musical History/A Musical History [CD 1] - T (13).mp3,Various Artists,,A Musical History [CD 1] - T,Robbie's Blues,A Musical History,Robbie's Blues,A Musical History,Robbie's Blues,217
malformed_album_track,/Users/roncompton/Music/RoseMusicWork/Music/Various Artists/A Musical History/A Musical History [CD 3] - T (9).mp3,Various Artists,,A Musical History [CD 3] - T,Look Out Cleveland,A Musical History,Look Out Cleveland,A Musical History,Look Out Cleveland,215
malformed_album_track,/Users/roncompton/Music/RoseMusicWork/Music/Various Artists/A Musical History/A Musical History [CD 5] - T (13).mp3,Various Artists,,A Musical History [CD 5] - T,Livin' In A Dream,A Musical History,Livin' In A Dream,A Musical History,Livin' In A Dream,172
malformed_album_track,/Users/roncompton/Music/RoseMusicWork/Music/Various Artists/A Musical History/A Musical History [CD 4] - T (9).mp3,Various Artists,,A Musical History [CD 4] - T,Mystery Train,A Musical History,Mystery Train,A Musical History,Mystery Train,334
malformed_album_track,/Users/roncompton/Music/RoseMusicWork/Music/Various Artists/A Musical History/A Musical History [CD 2] - T (12).mp3,Various Artists,,A Musical History [CD 2] - T,Long Black Veil,A Musical History,Long Black Veil,A Musical History,Long Black Veil,183
malformed_album_track,/Users/roncompton/Music/RoseMusicWork/Music/Various Artists/A Musical History/A Musical History [CD 2] - T (4).mp3,Various Artists,,A Musical History [CD 2] - T,Bessie Smith,A Musical History,Bessie Smith,A Musical History,Bessie Smith,258
malformed_album_track,/Users/roncompton/Music/RoseMusicWork/Music/Various Artists/A Musical History/A Musical History [CD 1] - T (6).mp3,Various Artists,,A Musical History [CD 1] - T,Ferdinand The Impostor,A Musical History,Ferdinand The Impostor,A Musical History,Ferdinand The Impostor,247
malformed_album_track,/Users/roncompton/Music/RoseMusicWork/Music/Various Artists/A Musical History/A Musical History [CD 5] - T (4).mp3,Various Artists,,A Musical History [CD 5] - T,Ain't Got No Home,A Musical History,Ain't Got No Home,A Musical History,Ain't Got No Home,205
malformed_album_track,/Users/roncompton/Music/RoseMusicWork/Music/Various Artists/A Musical History/A Musical History [CD 5] - T (5).mp3,Various Artists,,A Musical History [CD 5] - T,Christmas Must Be Tonight,A Musical History,Christmas Must Be Tonight,A Musical History,Christmas Must Be Tonight,217
malformed_album_track,/Users/roncompton/Music/RoseMusicWork/Music/Various Artists/A Musical History/A Musical History [CD 1] - T (7).mp3,Various Artists,,A Musical History [CD 1] - T,Go Go Liza Jane,A Musical History,Go Go Liza Jane,A Musical History,Go Go Liza Jane,133
malformed_album_track,/Users/roncompton/Music/RoseMusicWork/Music/Various Artists/A Musical History/A Musical History [CD 2] - T (13).mp3,Various Artists,,A Musical History [CD 2] - T,Long Distance Operator,A Musical History,Long Distance Operator,A Musical History,Long Distance Operator,274
malformed_album_track,/Users/roncompton/Music/RoseMusicWork/Music/Various Artists/A Musical History/A Musical History [CD 2] - T (5).mp3,Various Artists,,A Musical History [CD 2] - T,Don't Ya Tell Henry,A Musical History,Don't Ya Tell Henry,A Musical History,Don't Ya Tell Henry,194
malformed_album_track,/Users/roncompton/Music/RoseMusicWork/Music/Various Artists/A Musical History/A Musical History [CD 5] - T (12).mp3,Various Artists,,A Musical History [CD 5] - T,It Makes No Difference,A Musical History,It Makes No Difference,A Musical History,It Makes No Difference,395
malformed_album_track,/Users/roncompton/Music/RoseMusicWork/Music/Various Artists/A Musical History/A Musical History [CD 4] - T (8).mp3,Various Artists,,A Musical History [CD 4] - T,Move Me,A Musical History,Move Me,A Musical History,Move Me,177
malformed_album_track,/Users/roncompton/Music/RoseMusicWork/Music/Various Artists/A Musical History/A Musical History [CD 1] - T (12).mp3,Various Artists,,A Musical History [CD 1] - T,Odds And Ends,A Musical History,Odds And Ends,A Musical History,Odds And Ends,109
malformed_album_track,/Users/roncompton/Music/RoseMusicWork/Music/Various Artists/A Musical History/A Musical History [CD 5] - T (9).mp3,Various Artists,,A Musical History [CD 5] - T,Forever Young,A Musical History,Forever Young,A Musical History,Forever Young,297
malformed_album_track,/Users/roncompton/Music/RoseMusicWork/Music/Various Artists/A Musical History/A Musical History [CD 2] - T (9).mp3,Various Artists,,A Musical History [CD 2] - T,Katie's Been Gone,A Musical History,Katie's Been Gone,A Musical History,Katie's Been Gone,166
malformed_album_track,/Users/roncompton/Music/RoseMusicWork/Music/Various Artists/A Musical History/A Musical History [CD 4] - T (4).mp3,Various Artists,,A Musical History [CD 4] - T,Caledonia Mission,A Musical History,Caledonia Mission,A Musical History,Caledonia Mission,203
malformed_album_track,/Users/roncompton/Music/RoseMusicWork/Music/Various Artists/A Musical History/A Musical History [CD 4] - T (11).mp3,Various Artists,,A Musical History [CD 4] - T,The Genetic Method,A Musical History,The Genetic Method,A Musical History,The Genetic Method,452
malformed_album_track,/Users/roncompton/Music/RoseMusicWork/Music/Various Artists/A Musical History/A Musical History [CD 3] - T (10).mp3,Various Artists,,A Musical History [CD 3] - T,Pantomime,A Musical History,Pantomime,A Musical History,Pantomime,362
malformed_album_track,/Users/roncompton/Music/RoseMusicWork/Music/Various Artists/A Musical History/A Musical History [CD 3] - T.mp3,Various Artists,,A Musical History [CD 3] - T,Don't Do It,A Musical History,Don't Do It,A Musical History,Don't Do It,228
malformed_album_track,/Users/roncompton/Music/RoseMusicWork/Music/Various Artists/A Musical History/A Musical History [CD 2] - T.mp3,Various Artists,,A Musical History [CD 2] - T,Chest Fever,A Musical History,Chest Fever,A Musical History,Chest Fever,316
malformed_album_track,/Users/roncompton/Music/RoseMusicWork/Music/Various Artists/A Musical History/A Musical History [CD 4] - T (12).mp3,Various Artists,,A Musical History [CD 4] - T,The Moon Struck One,A Musical History,The Moon Struck One,A Musical History,The Moon Struck One,249
malformed_album_track,/Users/roncompton/Music/RoseMusicWork/Music/Various Artists/A Musical History/A Musical History [CD 3] - T (13).mp3,Various Artists,,A Musical History [CD 3] - T,Slippin' & Slidin',A Musical History,Slippin' & Slidin',A Musical History,Slippin' & Slidin',203
malformed_album_track,/Users/roncompton/Music/RoseMusicWork/Music/Various Artists/A Musical History/A Musical History [CD 5] - T (6).mp3,Various Artists,,A Musical History [CD 5] - T,Didn't It Rain,A Musical History,Didn't It Rain,A Musical History,Didn't It Rain,200
malformed_album_track,/Users/roncompton/Music/RoseMusicWork/Music/Various Artists/A Musical History/A Musical History [CD 2] - T (6).mp3,Various Artists,,A Musical History [CD 2] - T,I Ain't Got No Home,A Musical History,I Ain't Got No Home,A Musical History,I Ain't Got No Home,227
malformed_album_track,/Users/roncompton/Music/RoseMusicWork/Music/Various Artists/A Musical History/A Musical History [CD 2] - T (10).mp3,Various Artists,,A Musical History [CD 2] - T,Key To The Highway,A Musical History,Key To The Highway,A Musical History,Key To The Highway,144
malformed_album_track,/Users/roncompton/Music/RoseMusicWork/Music/Various Artists/A Musical History/A Musical History [CD 5] - T (11).mp3,Various Artists,,A Musical History [CD 5] - T,Home Cookin',A Musical History,Home Cookin',A Musical History,Home Cookin',225
malformed_album_track,/Users/roncompton/Music/RoseMusicWork/Music/Various Artists/A Musical History/A Musical History [CD 1] - T (11).mp3,Various Artists,,A Musical History [CD 1] - T,Leave Me Alone,A Musical History,Leave Me Alone,A Musical History,Leave Me Alone,158
malformed_album_track,/Users/roncompton/Music/RoseMusicWork/Music/Various Artists/A Musical History/A Musical History [CD 2] - T (7).mp3,Various Artists,,A Musical History [CD 2] - T,I Shall Be Released,A Musical History,I Shall Be Released,A Musical History,I Shall Be Released,195
malformed_album_track,/Users/roncompton/Music/RoseMusicWork/Music/Various Artists/A Musical History/A Musical History [CD 5] - T (7).mp3,Various Artists,,A Musical History [CD 5] - T,Evangeline,A Musical History,Evangeline,A Musical History,Evangeline,192
malformed_album_track,/Users/roncompton/Music/RoseMusicWork/Music/Various Artists/A Musical History/A Musical History [CD 3] - T (12).mp3,Various Artists,,A Musical History [CD 3] - T,Rockin' Chair,A Musical History,Rockin' Chair,A Musical History,Rockin' Chair,252
malformed_album_track,/Users/roncompton/Music/RoseMusicWork/Music/Various Artists/A Musical History/A Musical History [CD 4] - T (13).mp3,Various Artists,,A Musical History [CD 4] - T,The River Hymn,A Musical History,The River Hymn,A Musical History,The River Hymn,282
malformed_album_track,/Users/roncompton/Music/RoseMusicWork/Music/Various Artists/A Musical History/A Musical History [CD 3] - T (6).mp3,Various Artists,,A Musical History [CD 3] - T,Get Up Jake,A Musical History,Get Up Jake,A Musical History,Get Up Jake,138
malformed_album_track,/Users/roncompton/Music/RoseMusicWork/Music/Various Artists/A Musical History/A Musical History [CD 4] - T (6).mp3,Various Artists,,A Musical History [CD 4] - T,Life Is A Carnival,A Musical History,Life Is A Carnival,A Musical History,Life Is A Carnival,235
malformed_album_track,/Users/roncompton/Music/RoseMusicWork/Music/Various Artists/A Musical History/A Musical History [CD 1] - T (9).mp3,Various Artists,,A Musical History [CD 1] - T,Honky Tonk,A Musical History,Honky Tonk,A Musical History,Honky Tonk,185
malformed_album_track,/Users/roncompton/Music/RoseMusicWork/Music/Various Artists/A Musical History/A Musical History [CD 1] - T (2).mp3,Various Artists,,A Musical History [CD 1] - T,Bacon Fat,A Musical History,Bacon Fat,A Musical History,Bacon Fat,160
malformed_album_track,/Users/roncompton/Music/RoseMusicWork/Music/Various Artists/A Musical History/A Musical History [CD 2] - T (16).mp3,Various Artists,,A Musical History [CD 2] - T,This Wheel's On Fire,A Musical History,This Wheel's On Fire,A Musical History,This Wheel's On Fire,193
malformed_album_track,/Users/roncompton/Music/RoseMusicWork/Music/Various Artists/A Musical History/A Musical History [CD 5] - T (17).mp3,Various Artists,,A Musical History [CD 5] - T,Share Your Love With Me,A Musical History,Share Your Love With Me,A Musical History,Share Your Love With Me,176
malformed_album_track,/Users/roncompton/Music/RoseMusicWork/Music/Various Artists/A Musical History/A Musical History [CD 3] - T (19).mp3,Various Artists,,A Musical History [CD 3] - T,Up On Cripple Creek,A Musical History,Up On Cripple Creek,A Musical History,Up On Cripple Creek,275
malformed_album_track,/Users/roncompton/Music/RoseMusicWork/Music/Various Artists/A Musical History/A Musical History [CD 3] - T (15).mp3,Various Artists,,A Musical History [CD 3] - T,Strawberry Wine,A Musical History,Strawberry Wine,A Musical History,Strawberry Wine,227
malformed_album_track,/Users/roncompton/Music/RoseMusicWork/Music/Various Artists/A Musical History/A Musical History [CD 3] - T (14).mp3,Various Artists,,A Musical History [CD 3] - T,Stage Fright,A Musical History,Stage Fright,A Musical History,Stage Fright,223
malformed_album_track,/Users/roncompton/Music/RoseMusicWork/Music/Various Artists/A Musical History/A Musical History [CD 4] - T.mp3,Various Artists,,A Musical History [CD 4] - T,Chest Fever,A Musical History,Chest Fever,A Musical History,Chest Fever,304
malformed_album_track,/Users/roncompton/Music/RoseMusicWork/Music/Various Artists/A Musical History/A Musical History [CD 4] - T (15).mp3,Various Artists,,A Musical History [CD 4] - T,Two Piano Song,A Musical History,Two Piano Song,A Musical History,Two Piano Song,253
malformed_album_track,/Users/roncompton/Music/RoseMusicWork/Music/Various Artists/A Musical History/A Musical History [CD 3] - T (18).mp3,Various Artists,,A Musical History [CD 3] - T,Time To Kill,A Musical History,Time To Kill,A Musical History,Time To Kill,209
malformed_album_track,/Users/roncompton/Music/RoseMusicWork/Music/Various Artists/A Musical History/A Musical History [CD 5] - T (16).mp3,Various Artists,,A Musical History [CD 5] - T,Rainy Day Women,A Musical History,Rainy Day Women,A Musical History,Rainy Day Women,217
malformed_album_track,/Users/roncompton/Music/RoseMusicWork/Music/Various Artists/A Musical History/A Musical History [CD 2] - T (17).mp3,Various Artists,,A Musical History [CD 2] - T,We Can Talk,A Musical History,We Can Talk,A Musical History,We Can Talk,185
duration_title_duplicate,/Users/roncompton/Music/RoseMusicWork/Music/A Musical History [CD 4].mp3,RoseMusicWork,,A Musical History [CD 4] - T,01_Life_Is_A_Carnival_,,,,A Musical History [CD 4] - T,235
duration_title_duplicate,/Users/roncompton/Music/RoseMusicWork/Music/Life Is A Carnival/Unknown Album/A Musical History [CD 4] - T.mp3,Life Is A Carnival,,A Musical History [CD 4] - T,01_Life_Is_A_Carnival_,,,,A Musical History [CD 4] - T,235
duration_title_duplicate,/Users/roncompton/Music/RoseMusicWork/Music/Various Artists/A Musical History/A Musical History [CD 4] - T (6).mp3,Various Artists,,A Musical History [CD 4] - T,Life Is A Carnival,A Musical History,Life Is A Carnival,A Musical History,A Musical History [CD 4] - T,235
duration_title_duplicate,/Users/roncompton/Music/RoseMusicWork/Music/Various Artists/A Musical History/A Musical History [CD 2] - T (2).mp3,Various Artists,,A Musical History [CD 2] - T,The Weight,A Musical History,The Weight,A Musical History,A Musical History [CD 2] - T,278
duration_title_duplicate,/Users/roncompton/Music/RoseMusicWork/Music/Weight/Unknown Album/A Musical History [CD 2] - T.mp3,Weight,,A Musical History [CD 2] - T,07_The_Weight_,,,,A Musical History [CD 2] - T,278
duration_title_duplicate,/Users/roncompton/Music/RoseMusicWork/Music/Various Artists/A Musical History/A Musical History [CD 5] - T (2).mp3,Various Artists,,A Musical History [CD 5] - T,The Weight,A Musical History,The Weight,A Musical History,A Musical History [CD 5] - T,276
duration_title_duplicate,/Users/roncompton/Music/RoseMusicWork/Music/Weight/Unknown Album/A Musical History [CD 5] - T.mp3,Weight,,A Musical History [CD 5] - T,19_The_Weight_,,,,A Musical History [CD 5] - T,276
duration_title_duplicate,/Users/roncompton/Music/RoseMusicWork/Music/To Kingdome Come (Full/Unknown Album/Length Version) - A Musical H.mp3,To Kingdome Come (Full,,Length Version) - A Musical H,05_To_Kingdome_Come_(Full,,,,Length Version) - A Musical H,238
duration_title_duplicate,/Users/roncompton/Music/RoseMusicWork/Music/Various Artists/A Musical History/Length Version) - A Musical H.mp3,Various Artists,,Length Version) - A Musical H,To Kingdome Come (Full,A Musical History,To Kingdome Come,A Musical History,Length Version) - A Musical H,238
duration_title_duplicate,/Users/roncompton/Music/RoseMusicWork/Music/Jemima Surrender (Early Ve/Unknown Album/A Musical History [CD 3] - T.mp3,Jemima Surrender (Early Ve,,A Musical History [CD 3] - T,09_Jemima_Surrender_(Early_Ve,,,,A Musical History [CD 3] - T,229
duration_title_duplicate,/Users/roncompton/Music/RoseMusicWork/Music/Various Artists/A Musical History/A Musical History [CD 3] - T (7).mp3,Various Artists,,A Musical History [CD 3] - T,Jemima Surrender (Early Ve,A Musical History,Jemima Surrender,A Musical History,A Musical History [CD 3] - T,229
duration_title_duplicate,/Users/roncompton/Music/RoseMusicWork/Music/Robbie's Blues/Unknown Album/A Musical History [CD 1] - T.mp3,Robbie's Blues,,A Musical History [CD 1] - T,07_Robbie's_Blues_,,,,A Musical History [CD 1] - T,217
duration_title_duplicate,/Users/roncompton/Music/RoseMusicWork/Music/Various Artists/A Musical History/A Musical History [CD 1] - T (13).mp3,Various Artists,,A Musical History [CD 1] - T,Robbie's Blues,A Musical History,Robbie's Blues,A Musical History,A Musical History [CD 1] - T,217
duration_title_duplicate,/Users/roncompton/Music/RoseMusicWork/Music/Tears Of Rage/Unknown Album/A Musical History [CD 2] - T.mp3,Tears Of Rage,,A Musical History [CD 2] - T,04_Tears_Of_Rage_,,,,A Musical History [CD 2] - T,321
duration_title_duplicate,/Users/roncompton/Music/RoseMusicWork/Music/Various Artists/A Musical History/A Musical History [CD 2] - T (15).mp3,Various Artists,,A Musical History [CD 2] - T,Tears Of Rage,A Musical History,Tears Of Rage,A Musical History,A Musical History [CD 2] - T,321
duration_title_duplicate,/Users/roncompton/Music/RoseMusicWork/Music/Stage Fright/Unknown Album/A Musical History [CD 3] - T.mp3,Stage Fright,,A Musical History [CD 3] - T,14_Stage_Fright_,,,,A Musical History [CD 3] - T,223
duration_title_duplicate,/Users/roncompton/Music/RoseMusicWork/Music/Various Artists/A Musical History/A Musical History [CD 3] - T (14).mp3,Various Artists,,A Musical History [CD 3] - T,Stage Fright,A Musical History,Stage Fright,A Musical History,A Musical History [CD 3] - T,223
duration_title_duplicate,/Users/roncompton/Music/RoseMusicWork/Music/Across The Great Divide/Unknown Album/A Musical History [CD 3] - T.mp3,Across The Great Divide,,A Musical History [CD 3] - T,01_Across_The_Great_Divide_,,,,A Musical History [CD 3] - T,173
duration_title_duplicate,/Users/roncompton/Music/RoseMusicWork/Music/Various Artists/A Musical History/A Musical History [CD 3] - T (3).mp3,Various Artists,,A Musical History [CD 3] - T,Across The Great Divide,A Musical History,Across The Great Divide,A Musical History,A Musical History [CD 3] - T,173
duration_title_duplicate,/Users/roncompton/Music/RoseMusicWork/Music/Stones I Throw (Will F/Unknown Album/A Musical History [CD 1] - T.mp3,Stones I Throw (Will F,,A Musical History [CD 1] - T,13_The_Stones_I_Throw_(Will_F,,,,A Musical History [CD 1] - T,126
duration_title_duplicate,/Users/roncompton/Music/RoseMusicWork/Music/Various Artists/A Musical History/A Musical History [CD 1] - T (17).mp3,Various Artists,,A Musical History [CD 1] - T,The Stones I Throw (Will F,A Musical History,The Stones I Throw,A Musical History,A Musical History [CD 1] - T,126
duration_title_duplicate,/Users/roncompton/Music/RoseMusicWork/Music/Ferdinand The Impostor/Unknown Album/A Musical History [CD 1] - T.mp3,Ferdinand The Impostor,,A Musical History [CD 1] - T,23_Ferdinand_The_Impostor_,,,,A Musical History [CD 1] - T,247
duration_title_duplicate,/Users/roncompton/Music/RoseMusicWork/Music/Various Artists/A Musical History/A Musical History [CD 1] - T (6).mp3,Various Artists,,A Musical History [CD 1] - T,Ferdinand The Impostor,A Musical History,Ferdinand The Impostor,A Musical History,A Musical History [CD 1] - T,247
duration_title_duplicate,/Users/roncompton/Music/RoseMusicWork/Music/Out Of The Blue/Unknown Album/A Musical History [CD 5] - T.mp3,Out Of The Blue,,A Musical History [CD 5] - T,16_Out_Of_The_Blue_,,,,A Musical History [CD 5] - T,202
duration_title_duplicate,/Users/roncompton/Music/RoseMusicWork/Music/Various Artists/A Musical History/A Musical History [CD 5] - T (15).mp3,Various Artists,,A Musical History [CD 5] - T,Out Of The Blue,A Musical History,Out Of The Blue,A Musical History,A Musical History [CD 5] - T,202
duration_title_duplicate,/Users/roncompton/Music/RoseMusicWork/Music/He Don't Love You (And He'/Unknown Album/A Musical History [CD 1] - T.mp3,He Don't Love You (And He',,A Musical History [CD 1] - T,10_He_Don't_Love_You_(And_He',,,,A Musical History [CD 1] - T,159
duration_title_duplicate,/Users/roncompton/Music/RoseMusicWork/Music/Various Artists/A Musical History/A Musical History [CD 1] - T (8).mp3,Various Artists,,A Musical History [CD 1] - T,He Don't Love You (And He',A Musical History,He Don't Love You,A Musical History,A Musical History [CD 1] - T,159
duration_title_duplicate,/Users/roncompton/Music/RoseMusicWork/Music/Honky Tonk/Unknown Album/A Musical History [CD 1] - T.mp3,Honky Tonk,,A Musical History [CD 1] - T,05_Honky_Tonk_,,,,A Musical History [CD 1] - T,185
duration_title_duplicate,/Users/roncompton/Music/RoseMusicWork/Music/Various Artists/A Musical History/A Musical History [CD 1] - T (9).mp3,Various Artists,,A Musical History [CD 1] - T,Honky Tonk,A Musical History,Honky Tonk,A Musical History,A Musical History [CD 1] - T,185
duration_title_duplicate,/Users/roncompton/Music/RoseMusicWork/Music/Time To Kill/Unknown Album/A Musical History [CD 3] - T.mp3,Time To Kill,,A Musical History [CD 3] - T,11_Time_To_Kill_,,,,A Musical History [CD 3] - T,209
duration_title_duplicate,/Users/roncompton/Music/RoseMusicWork/Music/Various Artists/A Musical History/A Musical History [CD 3] - T (18).mp3,Various Artists,,A Musical History [CD 3] - T,Time To Kill,A Musical History,Time To Kill,A Musical History,A Musical History [CD 3] - T,209
duration_title_duplicate,/Users/roncompton/Music/RoseMusicWork/Music/Various Artists/A Musical History/A Musical History [CD 3] - T (20).mp3,Various Artists,,A Musical History [CD 3] - T,When You Awake,A Musical History,When You Awake,A Musical History,A Musical History [CD 3] - T,195
duration_title_duplicate,/Users/roncompton/Music/RoseMusicWork/Music/When You Awake/Unknown Album/A Musical History [CD 3] - T.mp3,When You Awake,,A Musical History [CD 3] - T,04_When_You_Awake_,,,,A Musical History [CD 3] - T,195
duration_title_duplicate,/Users/roncompton/Music/RoseMusicWork/Music/Don/Unknown Album/t Say Goodnight And Mean Goodbye.mp3,Don,,Don t Say Goodnight And Mean Goodbye,Don,Unknown Album,,Unknown Album,Don t Say Goodnight And Mean Goodbye,163
duration_title_duplicate,/Users/roncompton/Music/RoseMusicWork/Music/Shirelles/Anthology Will You Love Me Tomorrow/Don't Say Goodnight and Mean Goodbye.mp3,Shirelles,,Don't Say Goodnight and Mean Goodbye,The Shirelles,Anthology: Will You Love Me Tomorrow?,The Shirelles,Anthology: Will You Love Me Tomorrow?,Don't Say Goodnight and Mean Goodbye,163
duration_title_duplicate,/Users/roncompton/Music/RoseMusicWork/Music/Various Artists/A Musical History/A Musical History [CD 2] - T (18).mp3,Various Artists,,A Musical History [CD 2] - T,Yazoo Street Scandal,A Musical History,Yazoo Street Scandal,A Musical History,A Musical History [CD 2] - T,236
duration_title_duplicate,/Users/roncompton/Music/RoseMusicWork/Music/Yazoo Street Scandal/Unknown Album/A Musical History [CD 2] - T.mp3,Yazoo Street Scandal,,A Musical History [CD 2] - T,14_Yazoo_Street_Scandal_,,,,A Musical History [CD 2] - T,236
duration_title_duplicate,/Users/roncompton/Music/RoseMusicWork/Music/Can You Please Crawl Out Y/Unknown Album/A Musical History [CD 1] - T.mp3,Can You Please Crawl Out Y,,A Musical History [CD 1] - T,15_Can_You_Please_Crawl_Out_Y,,,,A Musical History [CD 1] - T,213
duration_title_duplicate,/Users/roncompton/Music/RoseMusicWork/Music/Various Artists/A Musical History/A Musical History [CD 1] - T (5).mp3,Various Artists,,A Musical History [CD 1] - T,Can You Please Crawl Out Y,A Musical History,Can You Please Crawl Out Your Window,A Musical History,A Musical History [CD 1] - T,213
duration_title_duplicate,"/Users/roncompton/Music/RoseMusicWork/Music/Buddy Holly Medley/Buddy Holly/Buddy Holly Medley - What To Do-Crying, Waiting, Hoping-Learning The Game.mp3",Buddy Holly Medley,,"Buddy Holly Medley - What To Do-Crying, Waiting, Hoping-Learning The Game",Buddy Holly Medley,Buddy Holly,Buddy Holly Medley,Buddy Holly,"Buddy Holly Medley - What To Do-Crying, Waiting, Hoping-Learning The Game",263
duration_title_duplicate,"/Users/roncompton/Music/RoseMusicWork/Music/Buddy Holly Medley/Unknown Album/What To Do-Crying, Waiting, Hoping-Learning The Game.mp3",Buddy Holly Medley,,"Buddy Holly Medley- What To Do-Crying, Waiting, Hoping-Learning The Game",Buddy Holly Medley,Unknown Album,,Unknown Album,"Buddy Holly Medley- What To Do-Crying, Waiting, Hoping-Learning The Game",263
duration_title_duplicate,/Users/roncompton/Music/RoseMusicWork/Music/Move Me (Song Sketch)/Unknown Album/A Musical History [CD 4] - T.mp3,Move Me (Song Sketch),,A Musical History [CD 4] - T,15_Move_Me_(Song_Sketch)_,,,,A Musical History [CD 4] - T,177
duration_title_duplicate,/Users/roncompton/Music/RoseMusicWork/Music/Various Artists/A Musical History/A Musical History [CD 4] - T (8).mp3,Various Artists,,A Musical History [CD 4] - T,Move Me,A Musical History,Move Me,A Musical History,A Musical History [CD 4] - T,177
duration_title_duplicate,/Users/roncompton/Music/RoseMusicWork/Music/Shape I'm In/Unknown Album/A Musical History [CD 3] - T.mp3,Shape I'm In,,A Musical History [CD 3] - T,13_The_Shape_I'm_In_,,,,A Musical History [CD 3] - T,243
duration_title_duplicate,/Users/roncompton/Music/RoseMusicWork/Music/Various Artists/A Musical History/A Musical History [CD 3] - T (17).mp3,Various Artists,,A Musical History [CD 3] - T,The Shape I'm In,A Musical History,The Shape I'm In,A Musical History,A Musical History [CD 3] - T,243
duration_title_duplicate,/Users/roncompton/Music/RoseMusicWork/Music/Genetic Method (Live)/Unknown Album/A Musical History [CD 4] - T.mp3,Genetic Method (Live),,A Musical History [CD 4] - T,10_The_Genetic_Method_(Live)_,,,,A Musical History [CD 4] - T,452
duration_title_duplicate,/Users/roncompton/Music/RoseMusicWork/Music/Various Artists/A Musical History/A Musical History [CD 4] - T (11).mp3,Various Artists,,A Musical History [CD 4] - T,The Genetic Method,A Musical History,The Genetic Method,A Musical History,A Musical History [CD 4] - T,452
duration_title_duplicate,/Users/roncompton/Music/RoseMusicWork/Music/I Shall Be Released/Unknown Album/A Musical History [CD 2] - T.mp3,I Shall Be Released,,A Musical History [CD 2] - T,13_I_Shall_Be_Released_,,,,A Musical History [CD 2] - T,195
duration_title_duplicate,/Users/roncompton/Music/RoseMusicWork/Music/Various Artists/A Musical History/A Musical History [CD 2] - T (7).mp3,Various Artists,,A Musical History [CD 2] - T,I Shall Be Released,A Musical History,I Shall Be Released,A Musical History,A Musical History [CD 2] - T,195
duration_title_duplicate,/Users/roncompton/Music/RoseMusicWork/Music/Complete Buddy Holly/Disc 4 - Clovis New Mexico and Thro To New York/Loves made a fool of you.mp3,Complete Buddy Holly,,,Complete Buddy Holly,Disc 4 - Clovis New Mexico and Thro To New York,,Disc 4 - Clovis New Mexico and Thro To New York,,116
duration_title_duplicate,/Users/roncompton/Music/RoseMusicWork/Music/David Reo/Unknown Album/Loves made a fool of you.mp3,David Reo,,Loves made a fool of you,David Reo,ROSE BK,,ROSE BK,Loves made a fool of you,116
duration_title_duplicate,/Users/roncompton/Music/RoseMusicWork/Music/Disc 4/Clovis New Mexico and Thro To New York/Loves made a fool of you.mp3,Disc 4,,Loves made a fool of you,Disc 4,Clovis New Mexico and Thro To New York,Disc 4,Clovis New Mexico and Thro To New York,Loves made a fool of you,116
duration_title_duplicate,/Users/roncompton/Music/RoseMusicWork/Music/King Harvest (Has Surely C/Unknown Album/A Musical History [CD 3] - T.mp3,King Harvest (Has Surely C,,A Musical History [CD 3] - T,07_King_Harvest_(Has_Surely_C,,,,A Musical History [CD 3] - T,220
duration_title_duplicate,/Users/roncompton/Music/RoseMusicWork/Music/Various Artists/A Musical History/A Musical History [CD 3] - T (8).mp3,Various Artists,,A Musical History [CD 3] - T,King Harvest (Has Surely C,A Musical History,King Harvest,A Musical History,A Musical History [CD 3] - T,220
duration_title_duplicate,/Users/roncompton/Music/RoseMusicWork/Music/Bessie Smith/Unknown Album/A Musical History [CD 2] - T.mp3,Bessie Smith,,A Musical History [CD 2] - T,20_Bessie_Smith_,,,,A Musical History [CD 2] - T,258
duration_title_duplicate,/Users/roncompton/Music/RoseMusicWork/Music/Various Artists/A Musical History/A Musical History [CD 2] - T (4).mp3,Various Artists,,A Musical History [CD 2] - T,Bessie Smith,A Musical History,Bessie Smith,A Musical History,A Musical History [CD 2] - T,258
duration_title_duplicate,/Users/roncompton/Music/RoseMusicWork/Music/I Ain't Got No Home (Live)/Unknown Album/A Musical History [CD 2] - T.mp3,I Ain't Got No Home (Live),,A Musical History [CD 2] - T,15_I_Ain't_Got_No_Home_(Live),,,,A Musical History [CD 2] - T,227
duration_title_duplicate,/Users/roncompton/Music/RoseMusicWork/Music/Various Artists/A Musical History/A Musical History [CD 2] - T (6).mp3,Various Artists,,A Musical History [CD 2] - T,I Ain't Got No Home,A Musical History,I Ain't Got No Home,A Musical History,A Musical History [CD 2] - T,227
duration_title_duplicate,/Users/roncompton/Music/RoseMusicWork/Music/Various Artists/A Musical History/A Musical History [CD 4] - T (14).mp3,Various Artists,,A Musical History [CD 4] - T,The W.S. Walcoot Medicine,A Musical History,The W.S. Walcoot Medicine Show,A Musical History,A Musical History [CD 4] - T,246
duration_title_duplicate,/Users/roncompton/Music/RoseMusicWork/Music/W.S. Walcoot Medicine/Unknown Album/A Musical History [CD 4] - T.mp3,W.S. Walcoot Medicine,,A Musical History [CD 4] - T,09_The_W.S._Walcoot_Medicine_,,,,A Musical History [CD 4] - T,246
duration_title_duplicate,/Users/roncompton/Music/RoseMusicWork/Music/Forbidden Fruit (Live)/Unknown Album/A Musical History [CD 5] - T.mp3,Forbidden Fruit (Live),,A Musical History [CD 5] - T,14_Forbidden_Fruit_(Live)_,,,,A Musical History [CD 5] - T,341
duration_title_duplicate,/Users/roncompton/Music/RoseMusicWork/Music/Various Artists/A Musical History/A Musical History [CD 5] - T (8).mp3,Various Artists,,A Musical History [CD 5] - T,Forbidden Fruit,A Musical History,Forbidden Fruit,A Musical History,A Musical History [CD 5] - T,341
duration_title_duplicate,/Users/roncompton/Music/RoseMusicWork/Music/Long Black Veil/Unknown Album/A Musical History [CD 2] - T.mp3,Long Black Veil,,A Musical History [CD 2] - T,09_Long_Black_Veil_,,,,A Musical History [CD 2] - T,183
duration_title_duplicate,/Users/roncompton/Music/RoseMusicWork/Music/Various Artists/A Musical History/A Musical History [CD 2] - T (12).mp3,Various Artists,,A Musical History [CD 2] - T,Long Black Veil,A Musical History,Long Black Veil,A Musical History,A Musical History [CD 2] - T,183
duration_title_duplicate,/Users/roncompton/Music/RoseMusicWork/Music/Christmas Must Be Tonight/Unknown Album/A Musical History [CD 5] - T.mp3,Christmas Must Be Tonight,,A Musical History [CD 5] - T,11_Christmas_Must_Be_Tonight_,,,,A Musical History [CD 5] - T,217
duration_title_duplicate,/Users/roncompton/Music/RoseMusicWork/Music/Rainy Day Women (Live)/Unknown Album/A Musical History [CD 5] - T.mp3,Rainy Day Women (Live),,A Musical History [CD 5] - T,05_Rainy_Day_Women_(Live)_,,,,A Musical History [CD 5] - T,217
duration_title_duplicate,/Users/roncompton/Music/RoseMusicWork/Music/Various Artists/A Musical History/A Musical History [CD 5] - T (16).mp3,Various Artists,,A Musical History [CD 5] - T,Rainy Day Women,A Musical History,Rainy Day Women,A Musical History,A Musical History [CD 5] - T,217
duration_title_duplicate,/Users/roncompton/Music/RoseMusicWork/Music/Various Artists/A Musical History/A Musical History [CD 5] - T (5).mp3,Various Artists,,A Musical History [CD 5] - T,Christmas Must Be Tonight,A Musical History,Christmas Must Be Tonight,A Musical History,A Musical History [CD 5] - T,217
duration_title_duplicate,/Users/roncompton/Music/RoseMusicWork/Music/Chest Fever/Unknown Album/A Musical History [CD 2] - T.mp3,Chest Fever,,A Musical History [CD 2] - T,10_Chest_Fever_,,,,A Musical History [CD 2] - T,316
duration_title_duplicate,/Users/roncompton/Music/RoseMusicWork/Music/Various Artists/A Musical History/A Musical History [CD 2] - T.mp3,Various Artists,,A Musical History [CD 2] - T,Chest Fever,A Musical History,Chest Fever,A Musical History,A Musical History [CD 2] - T,316
duration_title_duplicate,/Users/roncompton/Music/RoseMusicWork/Music/Saga Of Pepote Rouge/Unknown Album/A Musical History [CD 5] - T.mp3,Saga Of Pepote Rouge,,A Musical History [CD 5] - T,12_The_Saga_Of_Pepote_Rouge_,,,,A Musical History [CD 5] - T,255
duration_title_duplicate,/Users/roncompton/Music/RoseMusicWork/Music/Various Artists/A Musical History/A Musical History [CD 5] - T (18).mp3,Various Artists,,A Musical History [CD 5] - T,The Saga Of Pepote Rouge,A Musical History,The Saga Of Pepote Rouge,A Musical History,A Musical History [CD 5] - T,255
duration_title_duplicate,/Users/roncompton/Music/RoseMusicWork/Music/4 Pantomime/Unknown Album/A Musical History [CD 3] - T.mp3,4 Pantomime,,A Musical History [CD 3] - T,21_4__Pantomime_,,,,A Musical History [CD 3] - T,362
duration_title_duplicate,/Users/roncompton/Music/RoseMusicWork/Music/Various Artists/A Musical History/A Musical History [CD 3] - T (10).mp3,Various Artists,,A Musical History [CD 3] - T,Pantomime,A Musical History,Pantomime,A Musical History,A Musical History [CD 3] - T,362
duration_title_duplicate,/Users/roncompton/Music/RoseMusicWork/Music/Don/Unknown Album/t Go Breaking My Heart.mp3,Don,,Don t Go Breaking My Heart,Don,Unknown Album,,Unknown Album,Don t Go Breaking My Heart,275
duration_title_duplicate,/Users/roncompton/Music/RoseMusicWork/Music/Elton John with Kiki Dee/Greatest Hits 1970–2002/Don’t Go Breaking My Heart.mp3,Elton John with Kiki Dee,,Don’t Go Breaking My Heart,Elton John with Kiki Dee,Greatest Hits 1970–2002,Elton John,Greatest Hits 1970–2002,Don’t Go Breaking My Heart,275
duration_title_duplicate,/Users/roncompton/Music/RoseMusicWork/Music/Elton John/Greatest Hits/Don't Go Breaking My Heart.mp3,Elton John,,Don't Go Breaking My Heart,Elton John,Greatest Hits,Elton John,Greatest Hits,Don't Go Breaking My Heart,275
duration_title_duplicate,/Users/roncompton/Music/RoseMusicWork/Music/Strawberry Wine (Live)/Unknown Album/A Musical History [CD 3] - T.mp3,Strawberry Wine (Live),,A Musical History [CD 3] - T,18_Strawberry_Wine_(Live)_,,,,A Musical History [CD 3] - T,227
duration_title_duplicate,/Users/roncompton/Music/RoseMusicWork/Music/Various Artists/A Musical History/A Musical History [CD 3] - T (15).mp3,Various Artists,,A Musical History [CD 3] - T,Strawberry Wine,A Musical History,Strawberry Wine,A Musical History,A Musical History [CD 3] - T,227
duration_title_duplicate,/Users/roncompton/Music/RoseMusicWork/Music/Key To The Highway/Unknown Album/A Musical History [CD 2] - T.mp3,Key To The Highway,,A Musical History [CD 2] - T,19_Key_To_The_Highway_,,,,A Musical History [CD 2] - T,144
duration_title_duplicate,/Users/roncompton/Music/RoseMusicWork/Music/Various Artists/A Musical History/A Musical History [CD 2] - T (10).mp3,Various Artists,,A Musical History [CD 2] - T,Key To The Highway,A Musical History,Key To The Highway,A Musical History,A Musical History [CD 2] - T,144
duration_title_duplicate,/Users/roncompton/Music/RoseMusicWork/Music/Bo Diddley/Unknown Album/Bo Diddley - Do What I Say.mp3,Bo Diddley,,Bo Diddley - Do What I Say,Bo Diddley,Unknown Album,,Unknown Album,Bo Diddley - Do What I Say,169
duration_title_duplicate,/Users/roncompton/Music/RoseMusicWork/Music/Diddley/Bo Diddley/Bo Diddley - Do What I Say.mp3,Diddley,,Bo Diddley - Do What I Say,Diddley,Bo Diddley,Diddley,Bo Diddley,Bo Diddley - Do What I Say,169
duration_title_duplicate,/Users/roncompton/Music/RoseMusicWork/Music/Bacon Fat/Unknown Album/A Musical History [CD 1] - T.mp3,Bacon Fat,,A Musical History [CD 1] - T,06_Bacon_Fat_,,,,A Musical History [CD 1] - T,160
duration_title_duplicate,/Users/roncompton/Music/RoseMusicWork/Music/Various Artists/A Musical History/A Musical History [CD 1] - T (2).mp3,Various Artists,,A Musical History [CD 1] - T,Bacon Fat,A Musical History,Bacon Fat,A Musical History,A Musical History [CD 1] - T,160
duration_title_duplicate,/Users/roncompton/Music/RoseMusicWork/Music/Acadian Driftwood/Unknown Album/A Musical History [CD 5] - T.mp3,Acadian Driftwood,,A Musical History [CD 5] - T,08_Acadian_Driftwood_,,,,A Musical History [CD 5] - T,402
duration_title_duplicate,/Users/roncompton/Music/RoseMusicWork/Music/Various Artists/A Musical History/A Musical History [CD 5] - T (3).mp3,Various Artists,,A Musical History [CD 5] - T,Acadian Driftwood,A Musical History,Acadian Driftwood,A Musical History,A Musical History [CD 5] - T,402
duration_title_duplicate,/Users/roncompton/Music/RoseMusicWork/Music/Ruben Remus/Unknown Album/A Musical History [CD 1] - T.mp3,Ruben Remus,,A Musical History [CD 1] - T,24_Ruben_Remus_,,,,A Musical History [CD 1] - T,195
duration_title_duplicate,/Users/roncompton/Music/RoseMusicWork/Music/Various Artists/A Musical History/A Musical History [CD 1] - T (14).mp3,Various Artists,,A Musical History [CD 1] - T,Ruben Remus,A Musical History,Ruben Remus,A Musical History,A Musical History [CD 1] - T,195
duration_title_duplicate,/Users/roncompton/Music/RoseMusicWork/Music/Slippin' & Slidin' (Live)/Unknown Album/A Musical History [CD 3] - T.mp3,Slippin' & Slidin' (Live),,A Musical History [CD 3] - T,16_Slippin'_&_Slidin'_(Live)_,,,,A Musical History [CD 3] - T,203
duration_title_duplicate,/Users/roncompton/Music/RoseMusicWork/Music/Various Artists/A Musical History/A Musical History [CD 3] - T (13).mp3,Various Artists,,A Musical History [CD 3] - T,Slippin' & Slidin',A Musical History,Slippin' & Slidin',A Musical History,A Musical History [CD 3] - T,203
duration_title_duplicate,/Users/roncompton/Music/RoseMusicWork/Music/Share Your Love With Me/Unknown Album/A Musical History [CD 5] - T.mp3,Share Your Love With Me,,A Musical History [CD 5] - T,02_Share_Your_Love_With_Me_,,,,A Musical History [CD 5] - T,176
duration_title_duplicate,/Users/roncompton/Music/RoseMusicWork/Music/Various Artists/A Musical History/A Musical History [CD 5] - T (17).mp3,Various Artists,,A Musical History [CD 5] - T,Share Your Love With Me,A Musical History,Share Your Love With Me,A Musical History,A Musical History [CD 5] - T,176
duration_title_duplicate,/Users/roncompton/Music/RoseMusicWork/Music/Go Go Liza Jane/Unknown Album/A Musical History [CD 1] - T.mp3,Go Go Liza Jane,,A Musical History [CD 1] - T,14_Go_Go_Liza_Jane_,,,,A Musical History [CD 1] - T,133
duration_title_duplicate,/Users/roncompton/Music/RoseMusicWork/Music/Various Artists/A Musical History/A Musical History [CD 1] - T (7).mp3,Various Artists,,A Musical History [CD 1] - T,Go Go Liza Jane,A Musical History,Go Go Liza Jane,A Musical History,A Musical History [CD 1] - T,133
duration_title_duplicate,/Users/roncompton/Music/RoseMusicWork/Music/Forever Young/Unknown Album/A Musical History [CD 5] - T.mp3,Forever Young,,A Musical History [CD 5] - T,04_Forever_Young_,,,,A Musical History [CD 5] - T,297
duration_title_duplicate,/Users/roncompton/Music/RoseMusicWork/Music/Various Artists/A Musical History/A Musical History [CD 5] - T (9).mp3,Various Artists,,A Musical History [CD 5] - T,Forever Young,A Musical History,Forever Young,A Musical History,A Musical History [CD 5] - T,297
duration_title_duplicate,/Users/roncompton/Music/RoseMusicWork/Music/Don't Ya Tell Henry/Unknown Album/A Musical History [CD 2] - T.mp3,Don't Ya Tell Henry,,A Musical History [CD 2] - T,03_Don't_Ya_Tell_Henry_,,,,A Musical History [CD 2] - T,194
duration_title_duplicate,/Users/roncompton/Music/RoseMusicWork/Music/Various Artists/A Musical History/A Musical History [CD 2] - T (5).mp3,Various Artists,,A Musical History [CD 2] - T,Don't Ya Tell Henry,A Musical History,Don't Ya Tell Henry,A Musical History,A Musical History [CD 2] - T,194
duration_title_duplicate,/Users/roncompton/Music/RoseMusicWork/Music/Buddy Holly and The Crickets/Buddy Holly/Buddy Holly and The Crickets - A Sweet Love.mp3,Buddy Holly and The Crickets,,Buddy Holly and The Crickets - A Sweet Love,Buddy Holly and The Crickets,Buddy Holly,Buddy Holly and The Crickets,Buddy Holly,Buddy Holly and The Crickets - A Sweet Love,126
duration_title_duplicate,/Users/roncompton/Music/RoseMusicWork/Music/Buddy Holly/Unknown Album/Buddy Holly and The Crickets - A Sweet Love.mp3,Buddy Holly,,Buddy Holly and The Crickets - A Sweet Love,Buddy Holly,Unknown Album,,Unknown Album,Buddy Holly and The Crickets - A Sweet Love,126
duration_title_duplicate,/Users/roncompton/Music/RoseMusicWork/Music/I Remember Buddy Holly/disc 3/Buddy Holly and The Crickets - A Sweet Love.mp3,I Remember Buddy Holly,,,I Remember Buddy Holly,disc 3,,disc 3,,126
duration_title_duplicate,/Users/roncompton/Music/RoseMusicWork/Music/Look Out Cleveland (Live)/Unknown Album/A Musical History [CD 3] - T.mp3,Look Out Cleveland (Live),,A Musical History [CD 3] - T,20_Look_Out_Cleveland_(Live)_,,,,A Musical History [CD 3] - T,215
duration_title_duplicate,/Users/roncompton/Music/RoseMusicWork/Music/Various Artists/A Musical History/A Musical History [CD 3] - T (9).mp3,Various Artists,,A Musical History [CD 3] - T,Look Out Cleveland,A Musical History,Look Out Cleveland,A Musical History,A Musical History [CD 3] - T,215
duration_title_duplicate,/Users/roncompton/Music/RoseMusicWork/Music/Jefferson Airplane/Unknown Album/Jefferson Airplane - White Rabbit.mp3,Jefferson Airplane,,Jefferson Airplane - White Rabbit,Jefferson Airplane,Unknown Album,,Unknown Album,Jefferson Airplane - White Rabbit,151
duration_title_duplicate,/Users/roncompton/Music/RoseMusicWork/Music/Various Artists/Rolling Stone's 500 Greatest Songs of All Time/Jefferson Airplane - White Rabbit.mp3,Various Artists,,Jefferson Airplane - White Rabbit,Jefferson Airplane,Rolling Stone's 500 Greatest Songs of All Time,Jefferson Airplane,Rolling Stone's 500 Greatest Songs of All Time,Jefferson Airplane - White Rabbit,151
duration_title_duplicate,/Users/roncompton/Music/RoseMusicWork/Music/Jefferson Airplane/Unknown Album/Jefferson Airplane - Somebody To Love.mp3,Jefferson Airplane,,Jefferson Airplane - Somebody To Love,Jefferson Airplane,Unknown Album,,Unknown Album,Jefferson Airplane - Somebody To Love,178
duration_title_duplicate,/Users/roncompton/Music/RoseMusicWork/Music/Various Artists/Rolling Stone's 500 Greatest Songs of All Time/Jefferson Airplane - Somebody To Love.mp3,Various Artists,,Jefferson Airplane - Somebody To Love,Jefferson Airplane,Rolling Stone's 500 Greatest Songs of All Time,Jefferson Airplane,Rolling Stone's 500 Greatest Songs of All Time,Jefferson Airplane - Somebody To Love,178
duration_title_duplicate,"/Users/roncompton/Music/RoseMusicWork/Music/Tell Me, Momma (Live)/Unknown Album/A Musical History [CD 1] - T.mp3","Tell Me, Momma (Live)",,A Musical History [CD 1] - T,"16_Tell_Me,_Momma_(Live)_",,,,A Musical History [CD 1] - T,246
duration_title_duplicate,/Users/roncompton/Music/RoseMusicWork/Music/Various Artists/A Musical History/A Musical History [CD 1] - T (15).mp3,Various Artists,,A Musical History [CD 1] - T,"Tell Me, Momma",A Musical History,"Tell Me, Momma",A Musical History,A Musical History [CD 1] - T,246
duration_title_duplicate,/Users/roncompton/Music/RoseMusicWork/Music/Various Artists/A Musical History/A Musical History [CD 3] - T (21).mp3,Various Artists,,A Musical History [CD 3] - T,Whispering Pines,A Musical History,Whispering Pines,A Musical History,A Musical History [CD 3] - T,239
duration_title_duplicate,/Users/roncompton/Music/RoseMusicWork/Music/Whispering Pines/Unknown Album/A Musical History [CD 3] - T.mp3,Whispering Pines,,A Musical History [CD 3] - T,06_Whispering_Pines_,,,,A Musical History [CD 3] - T,239
duration_title_duplicate,/Users/roncompton/Music/RoseMusicWork/Music/Orange Juice Blues (Blues/Unknown Album/A Musical History [CD 2] - T.mp3,Orange Juice Blues (Blues,,A Musical History [CD 2] - T,16_Orange_Juice_Blues_(Blues_,,,,A Musical History [CD 2] - T,199
duration_title_duplicate,/Users/roncompton/Music/RoseMusicWork/Music/Various Artists/A Musical History/A Musical History [CD 2] - T (14).mp3,Various Artists,,A Musical History [CD 2] - T,Orange Juice Blues (Blues,A Musical History,Orange Juice Blues,A Musical History,A Musical History [CD 2] - T,199
duration_title_duplicate,/Users/roncompton/Music/RoseMusicWork/Music/Various Artists/A Musical History/A Musical History [CD 1] - T (19).mp3,Various Artists,,A Musical History [CD 1] - T,Words And Numbers (Song Sk,A Musical History,Words And Numbers,A Musical History,A Musical History [CD 1] - T,253
duration_title_duplicate,/Users/roncompton/Music/RoseMusicWork/Music/Words And Numbers (Song Sk/Unknown Album/A Musical History [CD 1] - T.mp3,Words And Numbers (Song Sk,,A Musical History [CD 1] - T,18_Words_And_Numbers_(Song_Sk,,,,A Musical History [CD 1] - T,253
duration_title_duplicate,/Users/roncompton/Music/RoseMusicWork/Music/Unfaithful Servant (Live)/Unknown Album/A Musical History [CD 4] - T.mp3,Unfaithful Servant (Live),,A Musical History [CD 4] - T,08_Unfaithful_Servant_(Live)_,,,,A Musical History [CD 4] - T,281
duration_title_duplicate,/Users/roncompton/Music/RoseMusicWork/Music/Various Artists/A Musical History/A Musical History [CD 4] - T (16).mp3,Various Artists,,A Musical History [CD 4] - T,Unfaithful Servant,A Musical History,Unfaithful Servant,A Musical History,A Musical History [CD 4] - T,281
duration_title_duplicate,/Users/roncompton/Music/RoseMusicWork/Music/Further On Up The Road/Unknown Album/A Musical History [CD 1] - R.mp3,Further On Up The Road,,A Musical History [CD 1] - R,03_Further_On_Up_The_Road_,,,,A Musical History [CD 1] - R,189
duration_title_duplicate,/Users/roncompton/Music/RoseMusicWork/Music/Various Artists/A Musical History/A Musical History [CD 1] - R.mp3,Various Artists,,A Musical History [CD 1] - R,Further On Up The Road,A Musical History,Further On Up The Road,A Musical History,A Musical History [CD 1] - R,189
duration_title_duplicate,/Users/roncompton/Music/RoseMusicWork/Music/Ain't Got No Home/Unknown Album/A Musical History [CD 5] - T.mp3,Ain't Got No Home,,A Musical History [CD 5] - T,01_Ain't_Got_No_Home_,,,,A Musical History [CD 5] - T,205
duration_title_duplicate,/Users/roncompton/Music/RoseMusicWork/Music/Twilight (Song Sketch)/Unknown Album/A Musical History [CD 5] - T.mp3,Twilight (Song Sketch),,A Musical History [CD 5] - T,10_Twilight_(Song_Sketch)_,,,,A Musical History [CD 5] - T,205
duration_title_duplicate,/Users/roncompton/Music/RoseMusicWork/Music/Various Artists/A Musical History/A Musical History [CD 5] - T (19).mp3,Various Artists,,A Musical History [CD 5] - T,Twilight,A Musical History,Twilight,A Musical History,A Musical History [CD 5] - T,205
duration_title_duplicate,/Users/roncompton/Music/RoseMusicWork/Music/Various Artists/A Musical History/A Musical History [CD 5] - T (4).mp3,Various Artists,,A Musical History [CD 5] - T,Ain't Got No Home,A Musical History,Ain't Got No Home,A Musical History,A Musical History [CD 5] - T,205
duration_title_duplicate,/Users/roncompton/Music/RoseMusicWork/Music/Don't Do It (Live)/Unknown Album/A Musical History [CD 4] - T.mp3,Don't Do It (Live),,A Musical History [CD 4] - T,05_Don't_Do_It_(Live)_,,,,A Musical History [CD 4] - T,277
duration_title_duplicate,/Users/roncompton/Music/RoseMusicWork/Music/Various Artists/A Musical History/A Musical History [CD 4] - T (2).mp3,Various Artists,,A Musical History [CD 4] - T,Don't Do It,A Musical History,Don't Do It,A Musical History,A Musical History [CD 4] - T,277
duration_title_duplicate,/Users/roncompton/Music/RoseMusicWork/Music/Night They Drove Old D/Unknown Album/A Musical History [CD 3] - T.mp3,Night They Drove Old D,,A Musical History [CD 3] - T,03_The_Night_They_Drove_Old_D,,,,A Musical History [CD 3] - T,214
duration_title_duplicate,/Users/roncompton/Music/RoseMusicWork/Music/Various Artists/A Musical History/A Musical History [CD 3] - T (2).mp3,Various Artists,,A Musical History [CD 3] - T,The Night They Drove Old D,A Musical History,The Night They Drove Old Dixie Down,A Musical History,A Musical History [CD 3] - T,214
duration_title_duplicate,/Users/roncompton/Music/RoseMusicWork/Music/Various Artists/A Musical History/A Musical History [CD 4] - T (17).mp3,Various Artists,,A Musical History [CD 4] - T,When I Paint My Masterpiec,A Musical History,When I Paint My Masterpiece,A Musical History,A Musical History [CD 4] - T,261
duration_title_duplicate,/Users/roncompton/Music/RoseMusicWork/Music/When I Paint My Masterpiec/Unknown Album/A Musical History [CD 4] - T.mp3,When I Paint My Masterpiec,,A Musical History [CD 4] - T,02_When_I_Paint_My_Masterpiec,,,,A Musical History [CD 4] - T,261
duration_title_duplicate,/Users/roncompton/Music/RoseMusicWork/Music/Rumor/Unknown Album/A Musical History [CD 3] - T.mp3,Rumor,,A Musical History [CD 3] - T,15_The_Rumor_,,,,A Musical History [CD 3] - T,256
duration_title_duplicate,/Users/roncompton/Music/RoseMusicWork/Music/Various Artists/A Musical History/A Musical History [CD 3] - T (16).mp3,Various Artists,,A Musical History [CD 3] - T,The Rumor,A Musical History,The Rumor,A Musical History,A Musical History [CD 3] - T,256
duration_title_duplicate,/Users/roncompton/Music/RoseMusicWork/Music/Uh Uh Uh/Unknown Album/A Musical History [CD 1] - T.mp3,Uh Uh Uh,,A Musical History [CD 1] - T,09_Uh_Uh_Uh_,,,,A Musical History [CD 1] - T,142
duration_title_duplicate,/Users/roncompton/Music/RoseMusicWork/Music/Various Artists/A Musical History/A Musical History [CD 1] - T (18).mp3,Various Artists,,A Musical History [CD 1] - T,Uh Uh Uh,A Musical History,Uh Uh Uh,A Musical History,A Musical History [CD 1] - T,142
duration_title_duplicate,/Users/roncompton/Music/RoseMusicWork/Music/Ain't No More Cane On The/Unknown Album/A Musical History [CD 2] - T.mp3,Ain't No More Cane On The,,A Musical History [CD 2] - T,02_Ain't_No_More_Cane_On_The_,,,,A Musical History [CD 2] - T,239
duration_title_duplicate,/Users/roncompton/Music/RoseMusicWork/Music/Various Artists/A Musical History/A Musical History [CD 2] - T (3).mp3,Various Artists,,A Musical History [CD 2] - T,Ain't No More Cane On The,A Musical History,Ain't No More Cane On The Brazos,A Musical History,A Musical History [CD 2] - T,239
duration_title_duplicate,/Users/roncompton/Music/RoseMusicWork/Music/Ophelia/Unknown Album/A Musical History [CD 5] - T.mp3,Ophelia,,A Musical History [CD 5] - T,07_Ophelia_,,,,A Musical History [CD 5] - T,213
duration_title_duplicate,/Users/roncompton/Music/RoseMusicWork/Music/Various Artists/A Musical History/A Musical History [CD 5] - T (14).mp3,Various Artists,,A Musical History [CD 5] - T,Ophelia,A Musical History,Ophelia,A Musical History,A Musical History [CD 5] - T,213
duration_title_duplicate,/Users/roncompton/Music/RoseMusicWork/Music/Various Artists/A Musical History/A Musical History [CD 1] - R (4).mp3,Various Artists,,A Musical History [CD 1] - R,You Know I Love You,A Musical History,You Know I Love You,A Musical History,A Musical History [CD 1] - R,165
duration_title_duplicate,/Users/roncompton/Music/RoseMusicWork/Music/You Know I Love You/Unknown Album/A Musical History [CD 1] - R.mp3,You Know I Love You,,A Musical History [CD 1] - R,02_You_Know_I_Love_You_,,,,A Musical History [CD 1] - R,165
duration_title_duplicate,/Users/roncompton/Music/RoseMusicWork/Music/Rag Mama Rag/Unknown Album/A Musical History [CD 3] - T.mp3,Rag Mama Rag,,A Musical History [CD 3] - T,02_Rag_Mama_Rag_,,,,A Musical History [CD 3] - T,186
duration_title_duplicate,/Users/roncompton/Music/RoseMusicWork/Music/Various Artists/A Musical History/A Musical History [CD 3] - T (11).mp3,Various Artists,,A Musical History [CD 3] - T,Rag Mama Rag,A Musical History,Rag Mama Rag,A Musical History,A Musical History [CD 3] - T,186
duration_title_duplicate,/Users/roncompton/Music/RoseMusicWork/Music/Smoke Signal (Live)/Unknown Album/A Musical History [CD 4] - T.mp3,Smoke Signal (Live),,A Musical History [CD 4] - T,07_Smoke_Signal_(Live)_,,,,A Musical History [CD 4] - T,309
duration_title_duplicate,/Users/roncompton/Music/RoseMusicWork/Music/Various Artists/A Musical History/A Musical History [CD 4] - T (10).mp3,Various Artists,,A Musical History [CD 4] - T,Smoke Signal,A Musical History,Smoke Signal,A Musical History,A Musical History [CD 4] - T,309
duration_title_duplicate,/Users/roncompton/Music/RoseMusicWork/Music/Daniel And The Sacred Harp/Unknown Album/A Musical History [CD 3] - T.mp3,Daniel And The Sacred Harp,,A Musical History [CD 3] - T,10_Daniel_And_The_Sacred_Harp,,,,A Musical History [CD 3] - T,264
duration_title_duplicate,/Users/roncompton/Music/RoseMusicWork/Music/Various Artists/A Musical History/A Musical History [CD 3] - T (5).mp3,Various Artists,,A Musical History [CD 3] - T,Daniel And The Sacred Harp,A Musical History,Daniel And The Sacred Harp,A Musical History,A Musical History [CD 3] - T,264
duration_title_duplicate,/Users/roncompton/Music/RoseMusicWork/Music/Endless Highway/Unknown Album/A Musical History [CD 4] - T.mp3,Endless Highway,,A Musical History [CD 4] - T,14_Endless_Highway_,,,,A Musical History [CD 4] - T,308
duration_title_duplicate,/Users/roncompton/Music/RoseMusicWork/Music/Various Artists/A Musical History/A Musical History [CD 4] - T (5).mp3,Various Artists,,A Musical History [CD 4] - T,Endless Highway,A Musical History,Endless Highway,A Musical History,A Musical History [CD 4] - T,308
duration_title_duplicate,/Users/roncompton/Music/RoseMusicWork/Music/In A Station/Unknown Album/A Musical History [CD 2] - T.mp3,In A Station,,A Musical History [CD 2] - T,06_In_A_Station_,,,,A Musical History [CD 2] - T,213
duration_title_duplicate,/Users/roncompton/Music/RoseMusicWork/Music/Various Artists/A Musical History/A Musical History [CD 2] - T (8).mp3,Various Artists,,A Musical History [CD 2] - T,In A Station,A Musical History,In A Station,A Musical History,A Musical History [CD 2] - T,213
duration_title_duplicate,/Users/roncompton/Music/RoseMusicWork/Music/Various Artists/A Musical History/A Musical History [CD 1] - R (3).mp3,Various Artists,,A Musical History [CD 1] - R,Who Do You Love,A Musical History,Who Do You Love,A Musical History,A Musical History [CD 1] - R,162
duration_title_duplicate,/Users/roncompton/Music/RoseMusicWork/Music/Who Do You Love/Unknown Album/A Musical History [CD 1] - R.mp3,Who Do You Love,,A Musical History [CD 1] - R,01_Who_Do_You_Love_,,,,A Musical History [CD 1] - R,162
duration_title_duplicate,/Users/roncompton/Music/RoseMusicWork/Music/Livin' In A Dream/Unknown Album/A Musical History [CD 5] - T.mp3,Livin' In A Dream,,A Musical History [CD 5] - T,13_Livin'_In_A_Dream_,,,,A Musical History [CD 5] - T,172
duration_title_duplicate,/Users/roncompton/Music/RoseMusicWork/Music/Various Artists/A Musical History/A Musical History [CD 5] - T (13).mp3,Various Artists,,A Musical History [CD 5] - T,Livin' In A Dream,A Musical History,Livin' In A Dream,A Musical History,A Musical History [CD 5] - T,172
duration_title_duplicate,/Users/roncompton/Music/RoseMusicWork/Music/Mystery Train/Unknown Album/A Musical History [CD 4] - T.mp3,Mystery Train,,A Musical History [CD 4] - T,17_Mystery_Train_,,,,A Musical History [CD 4] - T,334
duration_title_duplicate,/Users/roncompton/Music/RoseMusicWork/Music/Various Artists/A Musical History/A Musical History [CD 4] - T (9).mp3,Various Artists,,A Musical History [CD 4] - T,Mystery Train,A Musical History,Mystery Train,A Musical History,A Musical History [CD 4] - T,334
duration_title_duplicate,/Users/roncompton/Music/RoseMusicWork/Music/Long Distance Operator/Unknown Album/A Musical History [CD 2] - T.mp3,Long Distance Operator,,A Musical History [CD 2] - T,18_Long_Distance_Operator_,,,,A Musical History [CD 2] - T,274
duration_title_duplicate,/Users/roncompton/Music/RoseMusicWork/Music/Various Artists/A Musical History/A Musical History [CD 2] - T (13).mp3,Various Artists,,A Musical History [CD 2] - T,Long Distance Operator,A Musical History,Long Distance Operator,A Musical History,A Musical History [CD 2] - T,274
duration_title_duplicate,/Users/roncompton/Music/RoseMusicWork/Music/It Makes No Difference/Unknown Album/A Musical History [CD 5] - T.mp3,It Makes No Difference,,A Musical History [CD 5] - T,09_It_Makes_No_Difference_,,,,A Musical History [CD 5] - T,395
duration_title_duplicate,/Users/roncompton/Music/RoseMusicWork/Music/Various Artists/A Musical History/A Musical History [CD 5] - T (12).mp3,Various Artists,,A Musical History [CD 5] - T,It Makes No Difference,A Musical History,It Makes No Difference,A Musical History,A Musical History [CD 5] - T,395
duration_title_duplicate,/Users/roncompton/Music/RoseMusicWork/Music/Baby Lou/Unknown Album/The Band - A Musical History.mp3,Baby Lou,,The Band - A Musical History,17_Baby_Lou_,,,,The Band - A Musical History,220
duration_title_duplicate,/Users/roncompton/Music/RoseMusicWork/Music/Various Artists/A Musical History/The Band - A Musical History.mp3,Various Artists,,The Band - A Musical History,Baby Lou,A Musical History,Baby Lou,A Musical History,The Band - A Musical History,220
duration_title_duplicate,/Users/roncompton/Music/RoseMusicWork/Music/Odds And Ends/Unknown Album/A Musical History [CD 1] - T.mp3,Odds And Ends,,A Musical History [CD 1] - T,22_Odds_And_Ends_,,,,A Musical History [CD 1] - T,109
duration_title_duplicate,/Users/roncompton/Music/RoseMusicWork/Music/Various Artists/A Musical History/A Musical History [CD 1] - T (12).mp3,Various Artists,,A Musical History [CD 1] - T,Odds And Ends,A Musical History,Odds And Ends,A Musical History,A Musical History [CD 1] - T,109
duration_title_duplicate,/Users/roncompton/Music/RoseMusicWork/Music/Nineteen Years Old/Unknown Album/A Musical History [CD 1] - R.mp3,Nineteen Years Old,,A Musical History [CD 1] - R,04_Nineteen_Years_Old_,,,,A Musical History [CD 1] - R,255
duration_title_duplicate,/Users/roncompton/Music/RoseMusicWork/Music/Various Artists/A Musical History/A Musical History [CD 1] - R (2).mp3,Various Artists,,A Musical History [CD 1] - R,Nineteen Years Old,A Musical History,Nineteen Years Old,A Musical History,A Musical History [CD 1] - R,255
duration_title_duplicate,/Users/roncompton/Music/RoseMusicWork/Music/Katie's Been Gone/Unknown Album/A Musical History [CD 2] - T.mp3,Katie's Been Gone,,A Musical History [CD 2] - T,01_Katie's_Been_Gone_,,,,A Musical History [CD 2] - T,166
duration_title_duplicate,/Users/roncompton/Music/RoseMusicWork/Music/Various Artists/A Musical History/A Musical History [CD 2] - T (9).mp3,Various Artists,,A Musical History [CD 2] - T,Katie's Been Gone,A Musical History,Katie's Been Gone,A Musical History,A Musical History [CD 2] - T,166
duration_title_duplicate,/Users/roncompton/Music/RoseMusicWork/Music/Caledonia Mission (Live)/Unknown Album/A Musical History [CD 4] - T.mp3,Caledonia Mission (Live),,A Musical History [CD 4] - T,06_Caledonia_Mission_(Live)_,,,,A Musical History [CD 4] - T,203
duration_title_duplicate,/Users/roncompton/Music/RoseMusicWork/Music/Various Artists/A Musical History/A Musical History [CD 4] - T (4).mp3,Various Artists,,A Musical History [CD 4] - T,Caledonia Mission,A Musical History,Caledonia Mission,A Musical History,A Musical History [CD 4] - T,203
duration_title_duplicate,/Users/roncompton/Music/RoseMusicWork/Music/All La Glory (Early Versio/Unknown Album/A Musical History [CD 3] - T.mp3,All La Glory (Early Versio,,A Musical History [CD 3] - T,12_All_La_Glory_(Early_Versio,,,,A Musical History [CD 3] - T,207
duration_title_duplicate,/Users/roncompton/Music/RoseMusicWork/Music/Various Artists/A Musical History/A Musical History [CD 3] - T (4).mp3,Various Artists,,A Musical History [CD 3] - T,All La Glory (Early Versio,A Musical History,All La Glory,A Musical History,A Musical History [CD 3] - T,207
duration_title_duplicate,/Users/roncompton/Music/RoseMusicWork/Music/Loving You (Is Sweeter Tha/Unknown Album/A Musical History [CD 4] - T.mp3,Loving You (Is Sweeter Tha,,A Musical History [CD 4] - T,13_Loving_You_(Is_Sweeter_Tha,,,,A Musical History [CD 4] - T,218
duration_title_duplicate,/Users/roncompton/Music/RoseMusicWork/Music/Various Artists/A Musical History/A Musical History [CD 4] - T (7).mp3,Various Artists,,A Musical History [CD 4] - T,Loving You (Is Sweeter Tha,A Musical History,Loving You,A Musical History,A Musical History [CD 4] - T,218
duration_title_duplicate,/Users/roncompton/Music/RoseMusicWork/Music/Don't Do It/Unknown Album/A Musical History [CD 3] - T.mp3,Don't Do It,,A Musical History [CD 3] - T,17_Don't_Do_It_,,,,A Musical History [CD 3] - T,228
duration_title_duplicate,/Users/roncompton/Music/RoseMusicWork/Music/Various Artists/A Musical History/A Musical History [CD 3] - T.mp3,Various Artists,,A Musical History [CD 3] - T,Don't Do It,A Musical History,Don't Do It,A Musical History,A Musical History [CD 3] - T,228
duration_title_duplicate,/Users/roncompton/Music/RoseMusicWork/Music/Moon Struck One/Unknown Album/A Musical History [CD 4] - T.mp3,Moon Struck One,,A Musical History [CD 4] - T,03_The_Moon_Struck_One_,,,,A Musical History [CD 4] - T,249
duration_title_duplicate,/Users/roncompton/Music/RoseMusicWork/Music/Various Artists/A Musical History/A Musical History [CD 4] - T (12).mp3,Various Artists,,A Musical History [CD 4] - T,The Moon Struck One,A Musical History,The Moon Struck One,A Musical History,A Musical History [CD 4] - T,249
duration_title_duplicate,/Users/roncompton/Music/RoseMusicWork/Music/Didn't It Rain/Unknown Album/A Musical History [CD 5] - T.mp3,Didn't It Rain,,A Musical History [CD 5] - T,03_Didn't_It_Rain_,,,,A Musical History [CD 5] - T,200
duration_title_duplicate,/Users/roncompton/Music/RoseMusicWork/Music/Various Artists/A Musical History/A Musical History [CD 5] - T (6).mp3,Various Artists,,A Musical History [CD 5] - T,Didn't It Rain,A Musical History,Didn't It Rain,A Musical History,A Musical History [CD 5] - T,200
duration_title_duplicate,/Users/roncompton/Music/RoseMusicWork/Music/Caledonia Mission (Song Sk/Unknown Album/A Musical History [CD 1] - T.mp3,Caledonia Mission (Song Sk,,A Musical History [CD 1] - T,21_Caledonia_Mission_(Song_Sk,,,,A Musical History [CD 1] - T,149
duration_title_duplicate,/Users/roncompton/Music/RoseMusicWork/Music/Various Artists/A Musical History/A Musical History [CD 1] - T (4).mp3,Various Artists,,A Musical History [CD 1] - T,Caledonia Mission (Song Sk,A Musical History,Caledonia Mission,A Musical History,A Musical History [CD 1] - T,149
duration_title_duplicate,/Users/roncompton/Music/RoseMusicWork/Music/Home Cookin'/Unknown Album/A Musical History [CD 5] - T.mp3,Home Cookin',,A Musical History [CD 5] - T,15_Home_Cookin'_,,,,A Musical History [CD 5] - T,225
duration_title_duplicate,/Users/roncompton/Music/RoseMusicWork/Music/Various Artists/A Musical History/A Musical History [CD 5] - T (11).mp3,Various Artists,,A Musical History [CD 5] - T,Home Cookin',A Musical History,Home Cookin',A Musical History,A Musical History [CD 5] - T,225
duration_title_duplicate,/Users/roncompton/Music/RoseMusicWork/Music/Leave Me Alone/Unknown Album/A Musical History [CD 1] - T.mp3,Leave Me Alone,,A Musical History [CD 1] - T,08_Leave_Me_Alone_,,,,A Musical History [CD 1] - T,158
duration_title_duplicate,/Users/roncompton/Music/RoseMusicWork/Music/Various Artists/A Musical History/A Musical History [CD 1] - T (11).mp3,Various Artists,,A Musical History [CD 1] - T,Leave Me Alone,A Musical History,Leave Me Alone,A Musical History,A Musical History [CD 1] - T,158
duration_title_duplicate,/Users/roncompton/Music/RoseMusicWork/Music/Just Like Tom Thumb's Blue/Unknown Album/A Musical History [CD 1] - T.mp3,Just Like Tom Thumb's Blue,,A Musical History [CD 1] - T,17_Just_Like_Tom_Thumb's_Blue,,,,A Musical History [CD 1] - T,338
duration_title_duplicate,/Users/roncompton/Music/RoseMusicWork/Music/Various Artists/A Musical History/A Musical History [CD 1] - T (10).mp3,Various Artists,,A Musical History [CD 1] - T,Just Like Tom Thumb's Blue,A Musical History,Just Like Tom Thumb's Blues,A Musical History,A Musical History [CD 1] - T,338
duration_title_duplicate,/Users/roncompton/Music/RoseMusicWork/Music/Highway 61 Revisited (Live/Unknown Album/A Musical History [CD 5] - T.mp3,Highway 61 Revisited (Live,,A Musical History [CD 5] - T,06_Highway_61_Revisited_(Live,,,,A Musical History [CD 5] - T,238
duration_title_duplicate,/Users/roncompton/Music/RoseMusicWork/Music/Various Artists/A Musical History/A Musical History [CD 5] - T (10).mp3,Various Artists,,A Musical History [CD 5] - T,Highway 61 Revisited (Live,A Musical History,Highway 61 Revisited,A Musical History,A Musical History [CD 5] - T,238
duration_title_duplicate,/Users/roncompton/Music/RoseMusicWork/Music/Lonesome Suzie (Alternate/Unknown Album/A Musical History [CD 2] - T.mp3,Lonesome Suzie (Alternate,,A Musical History [CD 2] - T,11_Lonesome_Suzie_(Alternate_,,,,A Musical History [CD 2] - T,180
duration_title_duplicate,/Users/roncompton/Music/RoseMusicWork/Music/Various Artists/A Musical History/A Musical History [CD 2] - T (11).mp3,Various Artists,,A Musical History [CD 2] - T,Lonesome Suzie (Alternate,A Musical History,Lonesome Suzie,A Musical History,A Musical History [CD 2] - T,180
duration_title_duplicate,/Users/roncompton/Music/RoseMusicWork/Music/Evangeline/Unknown Album/A Musical History [CD 5] - T.mp3,Evangeline,,A Musical History [CD 5] - T,17_Evangeline_,,,,A Musical History [CD 5] - T,192
duration_title_duplicate,/Users/roncompton/Music/RoseMusicWork/Music/Various Artists/A Musical History/A Musical History [CD 5] - T (7).mp3,Various Artists,,A Musical History [CD 5] - T,Evangeline,A Musical History,Evangeline,A Musical History,A Musical History [CD 5] - T,192
duration_title_duplicate,/Users/roncompton/Music/RoseMusicWork/Music/Rockin' Chair (Live)/Unknown Album/A Musical History [CD 3] - T.mp3,Rockin' Chair (Live),,A Musical History [CD 3] - T,19_Rockin'_Chair_(Live)_,,,,A Musical History [CD 3] - T,252
duration_title_duplicate,/Users/roncompton/Music/RoseMusicWork/Music/Various Artists/A Musical History/A Musical History [CD 3] - T (12).mp3,Various Artists,,A Musical History [CD 3] - T,Rockin' Chair,A Musical History,Rockin' Chair,A Musical History,A Musical History [CD 3] - T,252
duration_title_duplicate,/Users/roncompton/Music/RoseMusicWork/Music/River Hymn/Unknown Album/A Musical History [CD 4] - T.mp3,River Hymn,,A Musical History [CD 4] - T,04_The_River_Hymn_,,,,A Musical History [CD 4] - T,282
duration_title_duplicate,/Users/roncompton/Music/RoseMusicWork/Music/Various Artists/A Musical History/A Musical History [CD 4] - T (13).mp3,Various Artists,,A Musical History [CD 4] - T,The River Hymn,A Musical History,The River Hymn,A Musical History,A Musical History [CD 4] - T,282
duration_title_duplicate,/Users/roncompton/Music/RoseMusicWork/Music/Get Up Jake/Unknown Album/A Musical History [CD 3] - T.mp3,Get Up Jake,,A Musical History [CD 3] - T,08_Get_Up_Jake_,,,,A Musical History [CD 3] - T,138
duration_title_duplicate,/Users/roncompton/Music/RoseMusicWork/Music/Various Artists/A Musical History/A Musical History [CD 3] - T (6).mp3,Various Artists,,A Musical History [CD 3] - T,Get Up Jake,A Musical History,Get Up Jake,A Musical History,A Musical History [CD 3] - T,138
duration_title_duplicate,/Users/roncompton/Music/RoseMusicWork/Music/This Wheel's On Fire/Unknown Album/A Musical History [CD 2] - T.mp3,This Wheel's On Fire,,A Musical History [CD 2] - T,12_This_Wheel's_On_Fire_,,,,A Musical History [CD 2] - T,193
duration_title_duplicate,/Users/roncompton/Music/RoseMusicWork/Music/Various Artists/A Musical History/A Musical History [CD 2] - T (16).mp3,Various Artists,,A Musical History [CD 2] - T,This Wheel's On Fire,A Musical History,This Wheel's On Fire,A Musical History,A Musical History [CD 2] - T,193
duration_title_duplicate,/Users/roncompton/Music/RoseMusicWork/Music/Up On Cripple Creek/Unknown Album/A Musical History [CD 3] - T.mp3,Up On Cripple Creek,,A Musical History [CD 3] - T,05_Up_On_Cripple_Creek_,,,,A Musical History [CD 3] - T,275
duration_title_duplicate,/Users/roncompton/Music/RoseMusicWork/Music/Various Artists/A Musical History/A Musical History [CD 3] - T (19).mp3,Various Artists,,A Musical History [CD 3] - T,Up On Cripple Creek,A Musical History,Up On Cripple Creek,A Musical History,A Musical History [CD 3] - T,275
duration_title_duplicate,/Users/roncompton/Music/RoseMusicWork/Music/Chest Fever (Live)/Unknown Album/A Musical History [CD 4] - T.mp3,Chest Fever (Live),,A Musical History [CD 4] - T,11_Chest_Fever_(Live)_,,,,A Musical History [CD 4] - T,304
duration_title_duplicate,/Users/roncompton/Music/RoseMusicWork/Music/Various Artists/A Musical History/A Musical History [CD 4] - T.mp3,Various Artists,,A Musical History [CD 4] - T,Chest Fever,A Musical History,Chest Fever,A Musical History,A Musical History [CD 4] - T,304
duration_title_duplicate,/Users/roncompton/Music/RoseMusicWork/Music/Night They Drove Old D/Unknown Album/A Musical History [CD 5] - T.mp3,Night They Drove Old D,,A Musical History [CD 5] - T,18_The_Night_They_Drove_Old_D,,,,A Musical History [CD 5] - T,274
duration_title_duplicate,/Users/roncompton/Music/RoseMusicWork/Music/Various Artists/A Musical History/A Musical History [CD 5] - T.mp3,Various Artists,,A Musical History [CD 5] - T,The Night They Drove Old D,A Musical History,The Night They Drove Old Dixie Down,A Musical History,A Musical History [CD 5] - T,274
duration_title_duplicate,/Users/roncompton/Music/RoseMusicWork/Music/Two Piano Song/Unknown Album/A Musical History [CD 4] - T.mp3,Two Piano Song,,A Musical History [CD 4] - T,16_Two_Piano_Song_,,,,A Musical History [CD 4] - T,253
duration_title_duplicate,/Users/roncompton/Music/RoseMusicWork/Music/Various Artists/A Musical History/A Musical History [CD 4] - T (15).mp3,Various Artists,,A Musical History [CD 4] - T,Two Piano Song,A Musical History,Two Piano Song,A Musical History,A Musical History [CD 4] - T,253
duration_title_duplicate,/Users/roncompton/Music/RoseMusicWork/Music/Various Artists/A Musical History/A Musical History [CD 1] - T (20).mp3,Various Artists,,A Musical History [CD 1] - T,You Don't Come Through (So,A Musical History,You Don't Come Through,A Musical History,A Musical History [CD 1] - T,123
duration_title_duplicate,/Users/roncompton/Music/RoseMusicWork/Music/You Don't Come Through (So/Unknown Album/A Musical History [CD 1] - T.mp3,You Don't Come Through (So,,A Musical History [CD 1] - T,19_You_Don't_Come_Through_(So,,,,A Musical History [CD 1] - T,123
duration_title_duplicate,/Users/roncompton/Music/RoseMusicWork/Music/Stones I Throw (Song S/Unknown Album/A Musical History [CD 1] - T.mp3,Stones I Throw (Song S,,A Musical History [CD 1] - T,12_The_Stones_I_Throw_(Song_S,,,,A Musical History [CD 1] - T,67
duration_title_duplicate,/Users/roncompton/Music/RoseMusicWork/Music/Various Artists/A Musical History/A Musical History [CD 1] - T (16).mp3,Various Artists,,A Musical History [CD 1] - T,The Stones I Throw (Song S,A Musical History,The Stones I Throw,A Musical History,A Musical History [CD 1] - T,67
duration_title_duplicate,/Users/roncompton/Music/RoseMusicWork/Music/Various Artists/A Musical History/A Musical History [CD 2] - T (17).mp3,Various Artists,,A Musical History [CD 2] - T,We Can Talk,A Musical History,We Can Talk,A Musical History,A Musical History [CD 2] - T,185
duration_title_duplicate,/Users/roncompton/Music/RoseMusicWork/Music/We Can Talk/Unknown Album/A Musical History [CD 2] - T.mp3,We Can Talk,,A Musical History [CD 2] - T,08_We_Can_Talk_,,,,A Musical History [CD 2] - T,185
duration_title_duplicate,/Users/roncompton/Music/RoseMusicWork/Music/Beautiful Thing (Song Sket/Unknown Album/A Musical History [CD 1] - T.mp3,Beautiful Thing (Song Sket,,A Musical History [CD 1] - T,20_Beautiful_Thing_(Song_Sket,,,,A Musical History [CD 1] - T,101
duration_title_duplicate,/Users/roncompton/Music/RoseMusicWork/Music/Various Artists/A Musical History/A Musical History [CD 1] - T (3).mp3,Various Artists,,A Musical History [CD 1] - T,Beautiful Thing (Song Sket,A Musical History,Beautiful Thing,A Musical History,A Musical History [CD 1] - T,101
duration_title_duplicate,/Users/roncompton/Music/RoseMusicWork/Music/Bo Diddley/Bo Diddley/Bo Diddley - Gun Slinger.mp3,Bo Diddley,,Bo Diddley - Gun Slinger,Bo Diddley,Bo Diddley,Bo Diddley,Bo Diddley,Bo Diddley - Gun Slinger,110
duration_title_duplicate,/Users/roncompton/Music/RoseMusicWork/Music/Bo Diddley/Unknown Album/Bo Diddley - Gun Slinger.mp3,Bo Diddley,,Bo Diddley - Gun Slinger,Bo Diddley,Unknown Album,,Unknown Album,Bo Diddley - Gun Slinger,110
